_id,popularity,id_spotify,followers,name,id_genius,url_genius,id_mb
68309568a5db4340d9ff39f5,86,3IW7ScrzXmPvZhB27hmfgy,11633000,Jul,74283,https://genius.com/artists/Jul,8e6c44df-06fc-4852-83d0-ef0efed6630a
68309568a5db4340d9ff39f6,83,0GOx72r5AAEKRGQFn3xqXK,6447913,GIMS,13325,https://genius.com/artists/Gims,b2fbd053-4380-412c-95d2-35c6da8f1011
68309568a5db4340d9ff39f7,76,2UwqpfQtNuhBwviIC0f2ie,5451287,Damso,45855,https://genius.com/artists/Damso,71ff695e-896a-4043-aea4-93eadde08d09
68309568a5db4340d9ff39f8,75,5gs4Sm2WQUkcGeikMcVHbh,1573155,Hamza,74111,https://genius.com/artists/Hamza,6a2244c9-3122-454e-b83d-b23e2968884e
68309568a5db4340d9ff39f9,74,3DCWeG2J1fZeu0Oe6i5Q6m,2308397,PLK,128813,https://genius.com/artists/Plk,55304866-1b79-4365-a6b1-961c95e9fc57
68309568a5db4340d9ff39fa,75,5gqmbbfjcikQBzPB5Hv13I,3834768,Gazo,23012,https://genius.com/artists/Gazo,dae7d996-38fe-4578-bf75-1e2510f522bb
68309568a5db4340d9ff39fb,73,4hYxvgmTzS29XAXlo5adgM,530185,L2B,1262771,https://genius.com/artists/L2b,71359a06-8384-4f14-80df-833763af18a6
68309568a5db4340d9ff39fc,73,58wXmynHaAWI5hwlPZP3qL,3452120,Booba,1282,https://genius.com/artists/Booba,785c0e9c-89f6-4bf4-8296-443a46632d62
68309568a5db4340d9ff39fd,72,2kXKa3aAFngGz2P4GjG5w2,2616843,SCH,276476,https://genius.com/artists/Sch,070a4a70-705b-41ba-a30a-cac559c781f8
68309568a5db4340d9ff39fe,74,6L34dW6SKMSDaGIfYDU19j,3352168,Maes,638160,https://genius.com/artists/Maes,74def643-c770-470d-a0b5-21c0fa60069e
68309568a5db4340d9ff39ff,70,07h4CCFmlXkwx0g4PL5Uuh,644769,Guy2Bezbar,466514,https://genius.com/artists/Guy2bezbar,368f3a86-e100-44e3-a65e-3f93b60a0cc1
68309568a5db4340d9ff3a00,70,6HCBnyTBSLdb3TFn2ayulY,1340159,Leto,183940,https://genius.com/artists/Leto,635e50a0-3c8f-4675-a0e6-9e3555cc4e0a
68309568a5db4340d9ff3a01,69,6dbdXbyAWk2qx8Qttw0knR,1382010,Josman,153477,https://genius.com/artists/Josman,d6f204c1-ea79-4ad0-bac3-862faad14130
68309568a5db4340d9ff3a02,69,4LXBc13z5EWsc5N32bLxfH,2881492,Nekfeu,13063,https://genius.com/artists/Nekfeu,d721866d-5640-44ee-87f7-23dd062abd8a
68309568a5db4340d9ff3a03,70,2z2TRvloJt4EfUNQp9rHAi,2123421,Alonzo,13711,https://genius.com/artists/Alonzo,9ff87295-bdfc-46fc-b605-456cc39d84ca
68309568a5db4340d9ff3a04,68,3CnCGFxXbOA8bAK54jR8js,1318848,Vald,19217,https://genius.com/artists/Vald,062ab94e-b7a5-47a9-b3f4-cc1750c3f859
68309568a5db4340d9ff3a05,70,6W5uA6CNMf3hd2j4a2XWCx,3476447,Naps,984017,https://genius.com/artists/Naps,ce155ad5-afc8-4398-bf38-c99f02cd0814
68309568a5db4340d9ff3a06,69,5hREZP0zTQbTLkZ2M8RS4v,3028235,Djadja & Dinaz,327448,https://genius.com/artists/Djadja-and-dinaz,a4ab6bb1-2b7e-4d5f-bad6-dcd6b6daa5d6
68309568a5db4340d9ff3a07,68,3J7r4VsNmuWixU0nXvyPd8,935732,Kalash,33290,https://genius.com/artists/Kalash,14bd08f4-9b4b-4535-b7b3-9da685455d6d
68309568a5db4340d9ff3a08,72,0GgY7hjMoGDsX8ZDe2mwds,5983672,Soolking,693078,https://genius.com/artists/Soolking,530a9937-4229-4d7e-8457-4853d7d5dd7a
68309568a5db4340d9ff3a09,68,1QPdp5duV6lV4XINCzjwQ2,731291,Dinos,14806,https://genius.com/artists/Dinos,ee782f62-1bdb-4a0b-8fc4-3bf2a8c1f979
68309568a5db4340d9ff3a0a,67,1q7T9rFQ2a2ukA1PU51fo3,3944020,Koba LaD,1247832,https://genius.com/artists/Koba-lad,52315221-8b06-4fb1-bfd3-16057aa4f9e1
68309568a5db4340d9ff3a0b,67,66Ok6bgC570sHkw08N20pZ,1013761,OBOY,635729,https://genius.com/artists/Oboy,66ffca84-c76f-416b-9371-89ccb7bb9da6
68309568a5db4340d9ff3a0c,66,1wAtSe79kItIb9nf5EhI2Q,1343787,Niro,14724,https://genius.com/artists/Niro,4c89fcfd-49c0-4a61-9d5f-61b9c6ae8f0a
68309568a5db4340d9ff3a0d,66,2eh8cEKZk4VeruUrGq748D,1435513,Rim'K,2455,https://genius.com/artists/Rimk,b4a9c13f-e8c6-44cb-a693-1c23e8692cd5
68309568a5db4340d9ff3a0e,66,1ntQKIMIgESKpKoNXVBvQg,2064188,Kaaris,14693,https://genius.com/artists/Kaaris,81920682-bb79-4b62-afa8-fe8dece0227c
68309568a5db4340d9ff3a0f,65,2RJBv9wXbW6m539q9NOfW1,3696547,Soprano,1431,https://genius.com/artists/Soprano,e52815f0-0db9-49b2-acb7-1af6b2dfa936
68309568a5db4340d9ff3a10,65,54kCbQZaZWHnwwj9VP2hn4,2477644,Zola,1101709,https://genius.com/artists/Zola,3134d99c-a372-424a-9f65-d2dacfdccaba
68309568a5db4340d9ff3a11,65,4FpJcNgOvIpSBeJgRg3OfN,2530374,Orelsan,1286,https://genius.com/artists/Orelsan,6cad3ce5-6380-4594-a8da-ae7d273b683d
68309568a5db4340d9ff3a12,64,3bRGJQd7b4lE3ZAEMfOXJp,863140,Luidji,14723,https://genius.com/artists/Luidji,d30b235e-0967-44a2-8338-2530806fe525
68309568a5db4340d9ff3a13,66,3YwqjMyrRfuixi2pbgTGCE,1795442,Heuss L'enfoiré,1242021,https://genius.com/artists/Heuss-lenfoire,8422168a-9c9d-4352-b02a-39b6e736920b
68309568a5db4340d9ff3a14,64,0LnhY2fzptb0QEs5Q5gM7S,857134,Laylow,308564,https://genius.com/artists/Laylow,b04c952c-16c4-41ad-bd62-ace5047cdf6e
68309568a5db4340d9ff3a15,65,7xNYY1Zkb1vks5m9ATlJok,1780305,Naza,399005,https://genius.com/artists/Naza,
68309568a5db4340d9ff3a16,64,2tcoLkA9Hexz70Kuc1NTUl,1961681,Gradur,72710,https://genius.com/artists/Gradur,ee3f3f84-e95f-4381-83b7-8165c022d760
68309568a5db4340d9ff3a17,63,2ptKt4yP4mYRZmvi09JYyi,1344908,Timal,963309,https://genius.com/artists/Timal,b0dfa8b9-cd40-43eb-9472-c02cb1db3297
68309568a5db4340d9ff3a18,63,5U05AU34EcZ8pfohg2dicI,742123,UZI,1623896,https://genius.com/artists/Uzi-fra,
68309568a5db4340d9ff3a19,62,1lB3I3SI30v2ZOpR4XQqzJ,1257009,Gambi,1726656,https://genius.com/artists/Gambi,
68309568a5db4340d9ff3a1a,61,4ZW7BptOWzjNFLEqRiNCT7,117325,So La Lune,1908116,https://genius.com/artists/So-la-lune,142b484a-599e-4009-a17d-f6107ab9b860
68309568a5db4340d9ff3a1b,63,5mmEMfYChd6MImBagU7zCs,2095818,Bigflo & Oli,14388,https://genius.com/artists/Bigflo-and-oli,f4824366-d97b-4929-a970-a94845306f4a
68309568a5db4340d9ff3a1c,62,2EFpb61Lpi0l5ldOiqbZkK,959390,Landy,666286,https://genius.com/artists/Landy,f04739fe-f5d7-4e69-8107-9280aaa9875c
68309568a5db4340d9ff3a1d,62,5DW7NxqQ2875JtjuV7KMn4,728226,Youssoupha,1684,https://genius.com/artists/Youssoupha,6fabf3aa-1822-49f2-b6c7-57560464696f
68309568a5db4340d9ff3a1e,61,3xEJ7cDz5rdg6VM8E6Mqhf,1096579,DA Uzi,1212452,https://genius.com/artists/Da-uzi,
68309568a5db4340d9ff3a1f,62,4vnmifnGOeRXfNTRtgd4Tj,1043233,Sexion d'Assaut,1261,https://genius.com/artists/Sexion-dassaut,129249d7-4521-4b1e-b48d-88e21b8eeca5
68309568a5db4340d9ff3a20,61,1Yfe3ONJlioHys7jwHdfVm,2043491,Lomepal,16138,https://genius.com/artists/Lomepal,5386511f-b7bd-4058-9b5e-2c5dc426e1c9
68309568a5db4340d9ff3a21,61,6qFt3TjvxMt77YGsktWG8Z,1464825,Sofiane,12085,https://genius.com/artists/Sofiane,68c0d5e5-c550-4232-b6b0-8eb35404fe16
68309568a5db4340d9ff3a22,61,0zhMujl1yB8pkB023Qm4Y2,232492,Green Montana,1650901,https://genius.com/artists/Green-montana,084308bd-1654-436f-ba03-df6697104e19
68309568a5db4340d9ff3a23,61,4reog9Hn84AuUWvGX5a2Yq,132369,Zed,682393,https://genius.com/artists/Zed,3e8a6653-76a4-4deb-b25a-73c536fad149
68309568a5db4340d9ff3a24,60,6wjkiUBMMYSIx5UBTp7eKC,121573,Bekar,496984,https://genius.com/artists/Bekar,f5868fbb-f2a6-43ce-be63-fd0232385a31
68309568a5db4340d9ff3a25,60,2s7fZ34RK8RUJQ2ewsh6I5,1797660,RK,1415345,https://genius.com/artists/Rk,dc31b14f-cfd8-4168-a58e-e749c81a0c61
68309568a5db4340d9ff3a26,60,5CtPAGoxpJ4yLJLx6CSrO8,213743,Zamdane,1159944,https://genius.com/artists/Zamdane,64baacc9-13bb-4722-bf2e-10f2b4073fa0
68309568a5db4340d9ff3a27,61,6ytOHdKh4xt4YvF7tz8Zcv,1726002,Kalash Criminel,592670,https://genius.com/artists/Kalash-criminel,f83c5385-84ae-413c-8057-18d2f4fcac67
68309568a5db4340d9ff3a28,60,2yJ6lsLqG06r9bckSTQRt4,727508,Zkr,217822,https://genius.com/artists/Zkr,f6e6bdb9-78fa-4953-9396-40431d75379a
68309568a5db4340d9ff3a29,59,4Ue6MAZqz18NlaOQomRXLU,609020,1PLIKÉ140,2015456,https://genius.com/artists/1plike140,012da0e5-f3cd-40bf-913d-25cc973d0408
68309568a5db4340d9ff3a2a,59,5l8WyvJ50fdSghK2ySNq1y,325187,Luv Resval,1474324,https://genius.com/artists/Luv-resval,324bc359-f062-46d9-a31a-9530b0483fe7
68309568a5db4340d9ff3a2b,58,5vnUF9uAL0ly7qw25ERLuC,192452,TK,1852283,https://genius.com/artists/Tk-fra,
68309568a5db4340d9ff3a2c,59,0oeiA5U9u1U45Gos5cywUU,685402,Soso Maness,147487,https://genius.com/artists/Soso-maness,4b069a10-27f6-49a4-95bf-09964ada481e
68309568a5db4340d9ff3a2d,58,20pbz4TbpkBUr5JwYfGgPS,460776,Kekra,649966,https://genius.com/artists/Kekra,9a91d910-9669-4043-819a-c2567b9a8bd0
68309568a5db4340d9ff3a2e,59,78Die3Gb8yaElTmGCa7m7N,84661,Kore,1996595,https://genius.com/artists/Kore-fra,
68309568a5db4340d9ff3a2f,58,1afjj7vSBkpIjkiJdSV6bV,352368,Médine,1265,https://genius.com/artists/Medine,6287622e-28d7-4129-b141-34802042c8f0
68309568a5db4340d9ff3a30,57,4wuKH89QtnyauwNpBMp5RP,308410,Hugo TSR,15176,https://genius.com/artists/Hugo-tsr,ae5e8cc8-931d-4756-b315-4075609a2ec2
68309568a5db4340d9ff3a31,59,37ioGUZGhKk7VjWIocx8kM,739346,DTF,563477,https://genius.com/artists/Dtf,3f0d75eb-82e0-4e96-9514-11a9cb896de0
68309568a5db4340d9ff3a32,57,7rz6ZZErn5YFDteXKhyf3g,313320,Disiz,2252,https://genius.com/artists/Disiz,daba3096-88f2-4322-9b00-10938b0220b8
68309568a5db4340d9ff3a33,58,5RaQ9nmVGoTye2SI76x3yw,486820,Kofs,566498,https://genius.com/artists/Kofs,745c1d3d-09d7-442a-aec5-a1f755fa82f8
68309568a5db4340d9ff3a34,57,62zLrboqOTPyozwi721CVy,1422142,Lorenzo,339523,https://genius.com/artists/Lorenzo,444f6693-f476-4403-9fc7-316879b20dd3
68309568a5db4340d9ff3a35,57,1kwzW1IszUiq4Gs9BFesvW,1677799,Hornet La Frappe,221964,https://genius.com/artists/Hornet-la-frappe,b34fa996-6d1b-41db-b955-911e19c2b7e2
68309568a5db4340d9ff3a36,57,32UhRcgdXO6LdLhOpfIdxp,725365,Rohff,1908,https://genius.com/artists/Rohff,f4a92aac-995b-47ab-80a5-33218a3e7823
68309568a5db4340d9ff3a37,59,4vtz0m60CCrcsQmqDunDIR,2175455,Moha La Squale,1215518,https://genius.com/artists/Moha-la-squale,2efd739f-b833-44b7-9228-b2c200ac1afa
68309568a5db4340d9ff3a38,57,56Q6weEROZ1RsVrTak8Bm7,686700,IAM,1770,https://genius.com/artists/Iam,
68309568a5db4340d9ff3a39,56,1HH5TlkjRt2FG8dpkWNm5j,413574,ISK,214694,https://genius.com/artists/Isk,da3b7253-dd37-4569-ae75-9eec584e774e
68309568a5db4340d9ff3a3a,57,2LUi4eKMEFKFM4awgurcSs,1358223,4Keus,1285728,https://genius.com/artists/4keus,737f3cae-720c-4ba7-825d-d1274bf1b54d
68309568a5db4340d9ff3a3b,56,3mKyKC4BjNrNJSSBSrNy0a,422826,Mig,2643391,https://genius.com/artists/Mig,946ba2ca-22ad-457f-82e9-01106ff82e6a
68309568a5db4340d9ff3a3c,57,4MRRW42s9ymwa5zu4xTKJh,397059,Kaza,1696555,https://genius.com/artists/Kaza,65f4a461-2266-4bf6-8fb2-0fb9a714a5e1
68309568a5db4340d9ff3a3d,59,7kyIBL1EYouLqC8vw7IOui,1565183,L'Algérino,12302,https://genius.com/artists/Lalgerino,06197802-6234-4767-89f5-92197b763fe5
68309568a5db4340d9ff3a3e,57,2IoSLl3tqYMq9DzR0d6NJN,252430,Elams,168832,https://genius.com/artists/Elams,4be27618-12d9-429a-8c47-744b240ba72f
68309568a5db4340d9ff3a3f,55,1ssrFpfMmM0vRx85eO2XKL,310701,Fresh laDouille,2358449,https://genius.com/artists/Fresh-ladouille,28209158-9ec6-4395-801a-259447857ea8
68309568a5db4340d9ff3a40,55,5QuZ9HdvnXcX8kEG782Phv,60424,Le Rat Luciano,1964,https://genius.com/artists/Le-rat-luciano,efe85b46-488f-4fbf-adf8-a9ca1cf26d0b
68309568a5db4340d9ff3a41,55,35B6bq5keTR1PYEahq1TAF,310231,Sasso,16197,https://genius.com/artists/Sasso,610946f7-08db-4f4b-b603-c9956cda9a3f
68309568a5db4340d9ff3a42,56,7lMgpN1tEBQKpRoUMKB8iw,1994664,Black M,15788,https://genius.com/artists/Black-m,5182c1d9-c7d2-4dad-afa0-ccfeada921a8
68309568a5db4340d9ff3a43,55,4ko6Ysxtvx9EY9GEFslrIz,542141,Suprême NTM,24568,https://genius.com/artists/Supreme-ntm,0135e5ec-4ffd-46e5-9c3c-566b3df46a8d
68309568a5db4340d9ff3a44,55,3b5bg1k6N9u31OtzSfK2dP,866744,Dosseh,2223,https://genius.com/artists/Dosseh,1d69ce47-7ec6-4fac-a82e-40e66dfd34f6
68309568a5db4340d9ff3a45,54,5olcgTzelGdyP1rHRLyWgs,573277,S.Pri Noir,15330,https://genius.com/artists/Spri-noir,372176dc-1588-4f9b-922f-fbe04f6e7fea
68309568a5db4340d9ff3a46,54,6sYR8JTRUUUzSD9IydLhfG,605639,Guizmo,13640,https://genius.com/artists/Guizmo,923147f3-3f4a-4eed-9832-1d59bc6559f3
68309568a5db4340d9ff3a47,54,5f6nz3iqzrfiUfKOIKvLvd,125639,Nemir,14877,https://genius.com/artists/Nemir,d4dcd067-fa98-4af0-8a07-6a47ced6814d
68309568a5db4340d9ff3a48,54,44bvfFf9VeGwVjK0QDqQ7O,245420,Oxmo Puccino,1947,https://genius.com/artists/Oxmo-puccino,faf5d956-ba11-4e01-9634-2f1c9ec92df5
68309568a5db4340d9ff3a49,54,1LYOKaB67uPrzpNMIk10k9,401204,Brulux,54307,https://genius.com/artists/Brulux,b74c82c5-9967-46dd-b758-8e89a942b8c6
68309568a5db4340d9ff3a4b,55,3nU8TSIICYDbUqRpJISTRE,293296,MC Solaar,1310,https://genius.com/artists/Mc-solaar,bbbd2644-b4cb-4bb5-a442-315310f68a0b
68309568a5db4340d9ff3a4c,54,7fRBY7RRf4iMn2Z4bhZcYA,143234,Scylla,17103,https://genius.com/artists/Scylla,eae469dd-07e1-44e1-89a4-823c38bc9222
68309568a5db4340d9ff3a4d,53,1eTRyiHsWMoWKPD6s4Kiqt,150911,Lujipeka,244692,https://genius.com/artists/Lujipeka,9389423b-8325-49d0-a273-952a561bf5ec
68309568a5db4340d9ff3a4e,54,25yJrwrn5I0EUdQEiTtNSO,599173,Lefa,15927,https://genius.com/artists/Lefa,04dd304d-9d27-4d64-85c5-4f9707fb8cac
68309568a5db4340d9ff3a4f,55,0qO3t2MHM5NIEJ5fw9VndY,394305,Benab,1472608,https://genius.com/artists/Benab,be6e2736-4a22-465a-86ce-ca4a8619c324
68309568a5db4340d9ff3a50,53,1nTVNdaDAzXB1AbP30cGk6,374239,SNIPER,1507,https://genius.com/artists/Sniper,88ad74d6-2dde-496f-86f3-722ff9274ea9
68309568a5db4340d9ff3a51,53,7qiRNP9z0FhN63YcLmb8Ai,279318,Stupeflip,13866,https://genius.com/artists/Stupeflip,754abc13-d242-4585-8276-2c8c45aa37cf
68309568a5db4340d9ff3a52,58,3tTvSeZiFDP3CY5EdPGcR4,231006,ASHE 22,1580013,https://genius.com/artists/Ashe-22,1ae4dcc7-a0d3-4ad6-9ba5-00e6c6ef0495
68309568a5db4340d9ff3a53,54,5Wf0eeUkR6rRAre6L7H7jW,240434,Gambino,102956,https://genius.com/artists/Gambino,7fb57fba-a6ef-44c2-abab-2fa3bdee607e
68309568a5db4340d9ff3a54,53,53loJtHWjCG1TyKarW2mzk,458538,Benash,342577,https://genius.com/artists/Benash,f4fdde1f-d1c7-46fd-8b01-451af64ad964
68309568a5db4340d9ff3a55,55,3x3gsBtmPOSQVqdBzO7N5E,198096,Nahir,1713995,https://genius.com/artists/Nahir,4f5d8685-258d-4193-9c42-982f14ec4e2c
68309568a5db4340d9ff3a56,53,0gGcw3tA1fZoF23qa8KFb7,452944,BOLEMVN,1219062,https://genius.com/artists/Bolemvn,
68309568a5db4340d9ff3a57,52,5AAzeysphag0NxJxLbbVla,610147,Columbine,315143,https://genius.com/artists/Columbine,1d9ecb7b-61ef-4e48-af99-a732367398aa
68309568a5db4340d9ff3a58,52,2k8fAJK9HbH1FhqVpZL98P,1227631,YL,996826,https://genius.com/artists/Yl,16973b19-d763-4689-87bd-9fe321550fc8
68309568a5db4340d9ff3a59,52,5sXx89ZqVFOUKTl5g2uiST,445418,Casseurs Flowters,20190,https://genius.com/artists/Casseurs-flowters,0e2fe8d5-08d6-4b6c-9e59-a0858cdcdf77
68309568a5db4340d9ff3a5a,52,3Op4g1wmQJxGTmeFSQ8z52,90146,B.B. Jacques,2757016,https://genius.com/artists/Bb-jacques,dcb03ce3-67a5-4eb3-b2d1-2a12d93a38f3
68309568a5db4340d9ff3a5b,52,7rTPCNINGzMp3Hc8Xqht5Z,733659,13 Block,327072,https://genius.com/artists/13-block,ee281c14-5420-478c-899e-52beed04ae8a
68309568a5db4340d9ff3a5c,52,6RwBaA9wZC0BPWZfmGeWMo,188624,Krisy,21255,https://genius.com/artists/Krisy,5c1b9ce3-88f0-40cb-8cb2-fe46dd561981
68309568a5db4340d9ff3a5d,51,5qisLjDrKoHMI9zOK2hfzs,588969,Mister V,21869,https://genius.com/artists/Mister-v,5c01e170-1302-4e75-a10c-d9e440b0c68f
68309568a5db4340d9ff3a5e,51,63MCBZRiUdnqRsAOJwijiB,1025146,Sadek,15237,https://genius.com/artists/Sadek,52940c47-5d0a-4995-bbf8-361a365a48a0
68309568a5db4340d9ff3a5f,51,0dSh0CIa0HPd9kJmJSmGQo,128045,ISHA,25569,https://genius.com/artists/Isha,785498ee-99f4-4699-8caf-2c742e996559
68309568a5db4340d9ff3a60,51,1BTmMBPzv3zEO3f6ilFoct,293434,Fonky Family,13333,https://genius.com/artists/Fonky-family,dfbc2d9e-d1c0-442b-970f-af28bb597537
68309568a5db4340d9ff3a61,51,4YUcg2ee9TxMNdjhAxzZBF,180811,Ashh,340886,https://genius.com/artists/Ashh,0c776171-70d1-48ff-96f9-6fcd09fb460d
68309568a5db4340d9ff3a62,50,2ktpq7bp4m1quizyEmp4r1,195179,A2h,14415,https://genius.com/artists/A2h,58a6df42-b598-4704-a028-fa9e738300bf
68309568a5db4340d9ff3a63,51,1ZjPqYngrwDa5ZqwAPcj5o,166255,Shurik'n,1967,https://genius.com/artists/Shurikn,4f025aa8-99a3-4f78-9026-cb885e1aafa8
68309568a5db4340d9ff3a64,51,3tNQ0aWtzDKGwyWz2oOAFG,232121,Kamikaz,182183,https://genius.com/artists/Kamikaz,50d4ab30-99e7-4947-8307-9f051d5a3cce
68309568a5db4340d9ff3a65,50,3BX2N7cc1OrBUJQiiei3On,439292,L'Allemand,1144818,https://genius.com/artists/Lallemand,228768d6-db68-4b0a-9c05-a2d83b859911
68309568a5db4340d9ff3a66,51,4yLgYK2B5nZjZMBiaLyLyK,156518,Doums,13259,https://genius.com/artists/Doums,1a38eb50-a481-439b-8f03-1a4ea511d682
68309568a5db4340d9ff3a67,51,5nTMNNNwQMoCYgzUXdUaB6,237295,113,11574,https://genius.com/artists/113,
68309568a5db4340d9ff3a68,50,2xdTZfuOFh2ylOnnTEs5sg,240567,Gambino La MG,1480619,https://genius.com/artists/Gambino-la-mg,
68309568a5db4340d9ff3a69,50,6Mm2g25BTeJ6BICPFWGkPg,428656,Bosh,314635,https://genius.com/artists/Bosh,5ed3a20b-5502-4fa4-8b1b-192aad588942
68309568a5db4340d9ff3a6a,50,0UeKDbiaApyP7qKfcmGN03,54896,Lesram,162014,https://genius.com/artists/Lesram,a20a43a5-d390-4c58-8d81-aaecfbcf6213
68309568a5db4340d9ff3a6b,50,1cA379ILgR07m7XQVXyP6Q,332740,Sneazzy,13508,https://genius.com/artists/Sneazzy,721fb557-32d7-4dbb-ac24-6cfac6f2266d
68309568a5db4340d9ff3a6c,50,09E5z6upwkmwTKX8LGQgMo,202936,Yaro,141729,https://genius.com/artists/Yaro,876535f4-0db3-4d74-b3eb-14840d47108f
68309568a5db4340d9ff3a6d,50,3dH7pcBScIJQboDyMzUzez,808094,GLK,563979,https://genius.com/artists/Glk,b9857441-d2c3-41cc-a24f-5c8197d31b23
68309568a5db4340d9ff3a6e,50,5ydAcIK2KdpBIbL0yGFJle,576206,Kery James,1273,https://genius.com/artists/Kery-james,0b7ee619-16ed-4e60-b871-6a2111c12b76
68309568a5db4340d9ff3a6f,50,4ddg7PH5OuSossiSBWgueu,231199,Akhenaton,1961,https://genius.com/artists/Akhenaton,55808e24-5150-4abd-b86b-7c3d7a080da3
68309568a5db4340d9ff3a70,49,6AmKZ6kQdFR64iIiUsRMHT,78615,Graya,297016,https://genius.com/artists/Graya,fb340055-7b36-4e42-88b1-78b0fcb8c634
68309568a5db4340d9ff3a71,49,4oVERQ0AxzzQ4zip1nMKlt,132464,Gringe,13895,https://genius.com/artists/Gringe,008b4779-f6e1-4e17-9c1a-0806b4d0986b
68309568a5db4340d9ff3a72,49,0VbfTzGkMlei0XtibnO466,41655,USKY,671555,https://genius.com/artists/Usky,5234c65e-a72f-4f8f-9db3-cf089128e650
68309568a5db4340d9ff3a74,49,4fn6Kez1kGOO74vNuKrvCU,83995,Hös Copperfield,1174310,https://genius.com/artists/Hos-copperfield,3c37fb86-b409-4af0-9f8a-404c0b819fcc
68309568a5db4340d9ff3a75,49,0YqeL4iGLLNiwRXZvew1TM,678105,Larry,1794306,https://genius.com/artists/Larry,5a8f286f-cb7c-4e31-b021-935173f160ed
68309568a5db4340d9ff3a76,48,3p4FNslxuuEYSEnMsx4YI1,444710,Hooss,265169,https://genius.com/artists/Hooss,43fd8456-e1db-47a0-b973-08ac74e1aa48
68309568a5db4340d9ff3a77,48,1PTl9q5EaEZejVGts7MBLN,363783,Mac Tyer,2412,https://genius.com/artists/Mac-tyer,861dd48e-3a61-4734-8a44-42c16a444969
68309568a5db4340d9ff3a78,48,1uzx1lyRA2RIZlVSxOfBAi,28967,Souffrance,580259,https://genius.com/artists/Souffrance,2534079e-ce7d-4798-b258-8496838ab126
68309568a5db4340d9ff3a79,49,20amiDsCI5EwB6xy37h44k,1016870,MMZ,632250,https://genius.com/artists/Mmz,f3b49d26-8e7d-4f66-b8fb-4b635cee7aec
68309568a5db4340d9ff3a7a,48,5gU8eqolA1bziWv6e3Wjp3,296918,Django,985064,https://genius.com/artists/Django,650bf385-6f6d-4992-a3b9-779d144920a4
68309568a5db4340d9ff3a7b,48,5SZayIKDZvxXaJrxLfnIRN,274113,Seth Gueko,11499,https://genius.com/artists/Seth-gueko,79303c16-e15f-44aa-98e6-8745741f5793
68309568a5db4340d9ff3a7c,49,1WDkNp8Duv9QhO246S4dDa,692754,Bramsito,994802,https://genius.com/artists/Bramsito,6de232bb-7125-4fe2-8c2f-40ed96820aff
68309568a5db4340d9ff3a7d,48,0Q5EUbHvUWlYpSwmKKbUSF,170067,Keny Arkana,1753,https://genius.com/artists/Keny-arkana,f97c4058-cc2b-43da-97e5-96bef7e55f40
68309568a5db4340d9ff3a7f,48,6a2V6IHS7jT9M1IvJ8V3yB,107806,Zuukou mayzie,225437,https://genius.com/artists/Zuukou-mayzie,ba223e4c-fcb0-4e4f-834b-177ce94f6841
68309568a5db4340d9ff3a80,47,2CLtDhw1uJe59E3P56JN6T,378295,Psy 4 De La Rime,15855,https://genius.com/artists/Psy-4-de-la-rime,6be76035-ed0f-4cba-9e7d-a37002814d6a
68309568a5db4340d9ff3a81,47,1rT9J8vtPCzEKL7oGntxnr,171853,Rémy,797875,https://genius.com/artists/Remy,14471b8e-2f28-4dbb-871c-c168e1051947
68309568a5db4340d9ff3a82,47,7JDQ2kZsT80ht4tzgIaId4,280184,4Keus Gang,653543,https://genius.com/artists/4keus-gang,b714ce00-fa11-4b1f-84ab-912ce9960c97
68309568a5db4340d9ff3a83,48,4LujPNfyrtunY5noju2iIa,49304,Furax Barbarossa,17313,https://genius.com/artists/Furax-barbarossa,e1164802-5a16-46cc-90f3-42f2d6a9762d
68309568a5db4340d9ff3a84,49,0mnNM5o7vtxo3ivC7Tmoah,318567,Chily,1634705,https://genius.com/artists/Chily,93b299a2-130d-44ee-b76e-4979fe9277e9
68309568a5db4340d9ff3a85,47,0QcZD8V0Ug1KINWBSyG0dB,246642,Alkpote,15427,https://genius.com/artists/Alkpote,5468e013-de40-433c-acfb-69ceae0271c5
68309568a5db4340d9ff3a86,48,5W9ShLREoRMuXqSSYMeHqk,28491,Gianni,1617807,https://genius.com/artists/Gianni,11bb0196-0dc3-41fa-be26-671ca78799f2
68309568a5db4340d9ff3a87,48,6WBf0WXqyBkCCYAEPUeDxn,415934,Kenza Farah,20616,https://genius.com/artists/Kenza-farah,617884f3-e53c-4ec7-bd83-7231ad5d7788
68309568a5db4340d9ff3a88,47,4bDcCV0zjPsVs2GxtduYry,86717,Roshi,1320878,https://genius.com/artists/Roshi,28dd4e98-4b84-4497-ab08-02a54740ccc1
68309568a5db4340d9ff3a89,47,3ABLHSKKZzNcgpBuXvLB9W,321183,Kpoint,332627,https://genius.com/artists/Kpoint,d9c805c9-71bd-47b2-91c9-5644bf553c8a
68309568a5db4340d9ff3a8a,46,3gz8sBWqcMQ0qsrZIoVphx,506890,Hayce Lemsi,20065,https://genius.com/artists/Hayce-lemsi,48dee407-1d8c-41f3-8e65-a860f123ccc4
68309568a5db4340d9ff3a8b,48,2T94BUd6X8J1G5EfJj3hZr,196909,Lunatic,1945,https://genius.com/artists/Lunatic,c4dc0648-cf89-4e38-81de-28ab8a2a41b9
68309568a5db4340d9ff3a8c,46,5QWxhSb2qupA3pNE3X6VpM,32048,Lord Kossity,18002,https://genius.com/artists/Lord-kossity,e7c166f4-5965-4109-9b12-67e4e37d1e72
68309568a5db4340d9ff3a8d,46,4z8LvfxawVZLoLR1KTUzQL,86806,Dooz Kawa,26970,https://genius.com/artists/Dooz-kawa,cb54014a-d728-4e8d-8934-15426a3ddd5d
68309568a5db4340d9ff3a8e,46,01fkQiYuBZt16vQ8iRIc7g,174650,Sopico,235193,https://genius.com/artists/Sopico,e2e98f64-4b5b-497f-8534-7da6622361be
68309568a5db4340d9ff3a8f,47,40fhusTxvAWqq7xKB2rlgf,221878,Ghetto Phénomène,63001,https://genius.com/artists/Ghetto-phenomene,fd1ad24d-b51a-442b-999e-bf5f7785823f
68309568a5db4340d9ff3a90,46,24lRU7Y7ZWpVa3v23FZqS6,43343,Jewel Usain,8659,https://genius.com/artists/Jewel-usain,da4951ab-71ed-4d1e-97e3-ef402176b5e9
68309568a5db4340d9ff3a91,46,3viUmbbKSqgMFOVHfrZQpn,126386,Davodka,41763,https://genius.com/artists/Davodka,a3a3457c-619c-4b15-95f8-3c239a52e7e7
68309568a5db4340d9ff3a93,46,04AIS3XqFcq2k8w3Tx4AmU,807299,Siboy,234809,https://genius.com/artists/Siboy,72606edb-f2e5-4a30-be77-5c98d891f9dc
68309568a5db4340d9ff3a94,44,4GX9CqwqWtb76wuXwbXR6b,157841,Doc Gynéco,2298,https://genius.com/artists/Doc-gyneco,c01fbe95-f464-44d0-ada2-6ee6108699bc
68309568a5db4340d9ff3a95,44,52h6A1y99QgoEf5FzKEHs1,174698,Diddi Trix,1038275,https://genius.com/artists/Diddi-trix,a02367f7-9fe0-4ef1-94e1-ff8ec8115f36
68309568a5db4340d9ff3a96,44,0ZCX1rGywF2LATUUCq0nOg,42764,EDGE,1835541,https://genius.com/artists/Edge,
68309568a5db4340d9ff3a97,44,1h0vYLWMAElSWYCjm6RBpe,53233,Ikaz Boi,174331,https://genius.com/artists/Ikaz-boi,568efe94-efc0-4758-891e-f9c4b00e5fe9
68309568a5db4340d9ff3a98,44,4kAzmAcboZ0F6bCCb4jj8I,123466,Spider ZED,77714,https://genius.com/artists/Spider-zed,bf50defb-258b-4ba3-a8f1-bb8da21a9e25
68309568a5db4340d9ff3a99,45,11ajgggOI6hGjR8CF53mhG,146821,F430,1152268,https://genius.com/artists/F430,f0946097-0ebc-4674-b92f-c18265335133
68309568a5db4340d9ff3a9a,43,4TEnXYHvYwoMopWqxeAnTE,82158,Admiral T,11686,https://genius.com/artists/Admiral-t,c842d29f-a297-48cd-bb71-4f77fd672b16
68309568a5db4340d9ff3a9b,44,4ME56PlDfT9QKf6sGcRgPm,30482,Wit.,515323,https://genius.com/artists/Wit-fra,
68309568a5db4340d9ff3a9c,44,3nRUvKHrGi4lrRF01yTzod,32709,Don Choa,1963,https://genius.com/artists/Don-choa,bc383677-5e2b-49e0-bc7d-5d8e093a95c4
68309568a5db4340d9ff3a9d,44,6FyY3mlFrDdKUX35GrzeOZ,47956,Smeels,1460453,https://genius.com/artists/Smeels,79c1e1ad-45ff-4619-b7c3-91058ceb2f8e
68309568a5db4340d9ff3a9e,43,1i8gGjDzv2FNoy6dHcr25K,116717,Negrito,1136776,https://genius.com/artists/Negrito,b7be8029-5ebe-4e4b-bc0c-a4d4756463c7
68309568a5db4340d9ff3a9f,43,7MqaRBgnaFIndVIYwC43AP,64782,Swift Guad,13158,https://genius.com/artists/Swift-guad,607a36bb-e965-486d-b9ae-f635ba53c1b4
68309568a5db4340d9ff3aa0,43,5iu7PzNW2d8xKOE8IsXgef,170043,Lonepsi,211545,https://genius.com/artists/Lonepsi,ec02b825-bea2-4ead-a787-b86b67fe4b13
68309568a5db4340d9ff3aa1,43,5VkemxUDiz46ZHPdvh0LX0,203123,ICO,1128641,https://genius.com/artists/Ico,1ae5d8fd-583d-462a-a1ba-780597140ab0
68309568a5db4340d9ff3aa2,42,5dacK0fiMwLoV93yBdUrZK,174104,Sifax,1552972,https://genius.com/artists/Sifax,14e39fdf-1880-48b2-a5f0-e8d0e2a5fc78
68309568a5db4340d9ff3aa3,43,5ZtIEcmzQosu8SDKWgwc86,83758,Scred Connexion,2156,https://genius.com/artists/Scred-connexion,184e0e76-67b1-4eb9-9e9a-185e5d138bbc
68309568a5db4340d9ff3aa4,42,7rjPaOQdQeTIQhmApviFqe,105313,Zikxo,1207099,https://genius.com/artists/Zikxo,895f519e-0163-42e2-bd0e-77d3b6f2f362
68309568a5db4340d9ff3aa5,42,1FhFAnXsMLYJhRVBKvcdHU,296138,PRIME,662123,https://genius.com/artists/Prime,bfb2bae0-fee1-4c56-a041-7ff25b6bdd9d
68309568a5db4340d9ff3aa6,42,4A1BIRTQQ1yNPwcg57Ubq7,122741,Haristone,659218,https://genius.com/artists/Haristone,c647d6a3-217f-409f-a841-0d745b8737d7
68309568a5db4340d9ff3aa7,42,5r4KrJXWxLsbym4vjcRv1i,101269,Tandem,2200,https://genius.com/artists/Tandem,7c4dcb99-dac8-432a-8e47-7ae739d7439d
68309568a5db4340d9ff3aa8,41,2TM7WyJwjfD5wKyX9OtIWJ,58634,Zed Yun Pavarotti,1276822,https://genius.com/artists/Zed-yun-pavarotti,c1800613-ce18-4d86-a318-02b986459435
68309568a5db4340d9ff3aa9,43,5P3mgWx3KvnURMhlVm5pMS,211621,Youv Dee,933047,https://genius.com/artists/Youv-dee,87206131-e85a-46ea-85a8-7ce199e8fe56
68309568a5db4340d9ff3aaa,41,5xMkiuMCSS13z5shShg7Mz,113337,404Billy,1080043,https://genius.com/artists/404billy,98834c68-6101-435c-adc3-f2e17f0c5a1a
68309568a5db4340d9ff3aab,41,3Ii7kCftek6SPKPEZx3GYE,251122,La Famax,1059759,https://genius.com/artists/La-famax,520484f8-890f-4d02-9c4a-c640f27c6919
68309568a5db4340d9ff3aac,42,3fnfvu19t4JYyEkRldXsO5,261743,Kodes,1599302,https://genius.com/artists/Kodes,2cd54cd8-b66b-4c2c-92c3-2f54563d35be
68309568a5db4340d9ff3aad,41,2bbQRkTmEgKA1INGHeH7oT,220453,Cheu-B,651153,https://genius.com/artists/Cheu-b,ed955e7f-eff6-4ca4-88f4-99fe4b338097
68309568a5db4340d9ff3aae,42,0WzzOQ8n065ISKclSusFzY,100629,AM La Scampia,1165897,https://genius.com/artists/Am-la-scampia,a91fe553-d090-4962-93d9-8fb81f4bc745
68309568a5db4340d9ff3aaf,41,6DTpmzMa0Gz93kRKUo4JfQ,45471,Elh Kmer,607146,https://genius.com/artists/Elh-kmer,4d434e7a-f549-4656-9c82-8309a707a93b
68309568a5db4340d9ff3ab0,41,2BEMYnNYVY6FScCvRaw1J6,243292,Mehdi Yz,1111977,https://genius.com/artists/Mehdi-yz,9f54c4ba-d2b8-45b1-8600-25a9bd54e685
68309568a5db4340d9ff3ab1,40,7CPznx8a1emLVLeCHGuJeN,174855,Lord Esperanza,790419,https://genius.com/artists/Lord-esperanza,d10c842d-0a33-49c7-9ea6-2b01143f8e0f
68309568a5db4340d9ff3ab2,40,2uuaoYjn1Pk0Y3NOyMR0KR,30880,Zoxea,11623,https://genius.com/artists/Zoxea,f9e375f0-fc94-431d-a7d9-124480c3e2b9
68309568a5db4340d9ff3ab3,40,0JxUh8qDlG3xflSV9Of500,202150,100 Blaze,544293,https://genius.com/artists/100-blaze,65e331ed-ab1b-475a-81d1-4dad7e55043b
68309568a5db4340d9ff3ab4,40,6jMwNySNrAokQ3Gv8opEP7,124639,Tunisiano,2248,https://genius.com/artists/Tunisiano,4544414e-96cb-404a-a674-eccf4bf35a6c
68309568a5db4340d9ff3ab5,40,6RM5eA0SSP7B8UV3qHbLa8,64275,Lino,1946,https://genius.com/artists/Lino,940a9649-efd1-4cf0-b682-19331f2dbb27
68309568a5db4340d9ff3ab6,40,0VF7XcB73fBSIfX9hOTVij,88851,Dabs,674763,https://genius.com/artists/Dabs,a50498c6-d941-422d-ba2d-0050b3a6dcb2
68309568a5db4340d9ff3ab7,40,1uS3NoifQsUXbWBOF3xIPg,100999,Nakry,1908271,https://genius.com/artists/Nakry,cdf02d33-42f9-46de-bcfd-12b154a93cae
68309568a5db4340d9ff3ab8,40,1cRhxmFvL3Ef4vx4jSCy04,193676,Mafia K'1 Fry,11464,https://genius.com/artists/Mafia-k1-fry,e8565ebf-bbed-4b5a-9014-20fe7e55b110
68309568a5db4340d9ff3ab9,39,3Mo6O9iqKSw3Mn6v5zZfEy,133156,Ärsenik,13280,https://genius.com/artists/Arsenik-fra,
68309568a5db4340d9ff3aba,47,4m90Zo0X5ACTTk27IZ9eMY,208543,MRC,49114,https://genius.com/artists/Mrc,0479d56b-c4c9-4a47-8fd4-53e73bebbe31
68309568a5db4340d9ff3abb,39,4LuLF5H9fe5ViyDQb9Zxmt,192497,Key Largo,1050615,https://genius.com/artists/Key-largo,c843a1e8-67e5-416e-859b-eee3eb03394d
68309568a5db4340d9ff3abd,39,12fU2Tyt3TEQn0bjNS0kzC,22566,L'Skadrille,16333,https://genius.com/artists/Lskadrille,f019ee28-586a-49c2-a5c6-deb98ff85283
68309568a5db4340d9ff3abf,40,1BNyS6oGYDwAzgl8PDDMXq,16710,L'Hexaler,35370,https://genius.com/artists/Lhexaler,b143a95f-bc8f-4fd9-b0dd-de45cd18cf6d
68309568a5db4340d9ff3ac0,39,6J434ZmyHxFcBjHXAZL9QY,49959,Kacem Wapalek,19118,https://genius.com/artists/Kacem-wapalek,31218a8b-548d-4f33-bd9c-628bdde36c64
68309568a5db4340d9ff3ac1,39,6162ZDzd0LT28Lxdj52jjK,36979,Sheldon,41297,https://genius.com/artists/Sheldon,388d8902-fc2c-4f93-8138-49ed045e725b
68309568a5db4340d9ff3ac2,40,71XOKoFKWFjlV91e2Z5r21,84403,Frenetik,2025407,https://genius.com/artists/Frenetik-bel,
68309568a5db4340d9ff3ac3,39,5Gf71JW8QjF77ELQ94JX38,44134,Pit Baccardi,13211,https://genius.com/artists/Pit-baccardi,324cf6ef-2a29-483b-b7d8-8a1a534079a5
68309568a5db4340d9ff3ac5,39,082dnQ2APdm4cFw8eILB4u,35313,Lacraps,182217,https://genius.com/artists/Lacraps,962d92f9-7e84-4671-9f52-80f02fc33ef9
68309568a5db4340d9ff3ac6,40,5oM4ylX9mgzyzDD6yYPUal,82608,Dehmo,640749,https://genius.com/artists/Dehmo,fd561897-c95a-473c-82ed-f8b8c224c8da
68309568a5db4340d9ff3ac7,38,16vfg5F2MKku9FMIrFIqry,235264,Q.E Favelas,977594,https://genius.com/artists/Qe-favelas,9f47a058-0dc9-4c70-9b69-8c56df797ac1
68309568a5db4340d9ff3ac8,38,626MEj1uIFt7eZMSroO01a,125392,Shotas,1414976,https://genius.com/artists/Shotas,81f44d80-47f7-4b22-b677-5b2d44079fe2
68309568a5db4340d9ff3aca,39,1QHLcqY9m9aoKWcjBiQV0y,96032,Di-Meh,60891,https://genius.com/artists/Di-meh,eb1d279d-a204-4611-830f-746d398b7ac0
68309568a5db4340d9ff3acb,37,6oc3ElPTqRlMxSWCuZPi3x,115508,Kool Shen,12547,https://genius.com/artists/Kool-shen,386b69b4-e188-4f4f-8b2d-2a375fc6608d
68309568a5db4340d9ff3acc,37,3Rz9ULXMl7mfhCCFNnhd5N,206143,ZeGuerre,1080562,https://genius.com/artists/Zeguerre,7d098049-74d7-40bd-a88a-9e1d3e73e373
68309568a5db4340d9ff3acd,37,3I2ayKNkuX0gqKPZDBnxNk,41903,Dibson,87434,https://genius.com/artists/Dibson,7a572540-2f76-49ae-93f4-e1b3ecdcfcce
68309568a5db4340d9ff3ace,39,1qBSTVOOFSTKWn3TQUtWqw,99651,Cut Killer,29268,https://genius.com/artists/Cut-killer,e6207340-e26f-49dc-869f-3750804e8096
68309568a5db4340d9ff3acf,37,4UUv9SzL15YuB6epX0YGdy,18114,Le 3ème Oeil,80732,https://genius.com/artists/Le-3eme-il,
68309568a5db4340d9ff3ad0,37,3RJNCnIkqvVwEicgGo2nqJ,204574,Dinor rdt,1675921,https://genius.com/artists/Dinor-rdt,a6fb16f7-1d6b-44f3-b3d6-857d0c8ad6dd
68309568a5db4340d9ff3ad1,37,3ydKJWfVcxb3hOECejiAYi,156694,Biwaï,592381,https://genius.com/artists/Biwai,581bd547-f736-486a-ad91-dbe5e1518935
68309568a5db4340d9ff3ad3,37,3JudvZnY94AkCzfAVXzawN,57004,Slimka,299788,https://genius.com/artists/Slimka,6143579e-84ab-48dd-b793-969adc283bb1
68309568a5db4340d9ff3ad4,36,2uNTCtTH48JmBT5b3PEgcW,43783,Lucio Bukowski,16163,https://genius.com/artists/Lucio-bukowski,6a99e6bd-9d15-46df-ad03-11d13bb8dea3
68309568a5db4340d9ff3ad5,36,7Iw6TwPkS7bja1OrA3Neal,33601,2zer,14072,https://genius.com/artists/2zer,dc616cec-4eaf-4684-ac03-ca43d1d6bf15
68309568a5db4340d9ff3ad6,36,34dSaKok3USBivMGTmIlXx,209680,PSO THUG,212473,https://genius.com/artists/Pso-thug,8532f924-55ba-4875-a09a-af1e90a22246
68309568a5db4340d9ff3ad8,35,1pQtc9O0CKJYhvaICw39z9,99868,DENZO,332629,https://genius.com/artists/Denzo,40010ea4-1a36-4568-afe7-b44dc049572b
68309568a5db4340d9ff3ad9,39,7BeihcnNgK5Md6ORbMEqwf,13519,L'uzine,223211,https://genius.com/artists/Luzine,45a4f59d-c469-41ab-afb0-332bd5829604
68309568a5db4340d9ff3ada,36,6SWyMvHN1YLZ95qwbKf26N,47561,Norsacce Berlusconi,440106,https://genius.com/artists/Norsacce-berlusconi,752391e8-8984-4294-8dff-0e376e319f1a
68309568a5db4340d9ff3adb,35,6knHYSqYjjguJjD5SvjrLx,54699,Ideal J,2036,https://genius.com/artists/Ideal-j,569c0d90-28dd-413b-83e4-aaa7c27e667b
68309568a5db4340d9ff3adc,35,2v6hsrO3H2uRWgdsPfGQ1d,40927,JMK$,749190,https://genius.com/artists/Jmk,0bdf196d-6e3b-4b7e-82e6-9b813198be9b
68309568a5db4340d9ff3add,35,3S8r9fkqybCCXJLhZGA3r1,62596,Cinco,1166531,https://genius.com/artists/Cinco,07c385ac-999b-4e55-bf57-af81c4f4eb65
68309568a5db4340d9ff3adf,34,1g4gTYnPjQSIOAzFU3V8AL,33161,Youri,1282676,https://genius.com/artists/Youri,833b6c29-ec00-4c17-af43-1a3b7d127551
68309568a5db4340d9ff3ae1,34,4IAqcSIINRfPQC57mgYhW2,291362,BRVMSOO,1282346,https://genius.com/artists/Brvmsoo,0f0cf2cd-e257-41b6-aed7-248c53982825
68309568a5db4340d9ff3ae2,34,5TwGksCe3pSfpBcV96k6sS,26371,Melan,29569,https://genius.com/artists/Melan,cfd5f86a-b32f-481c-94e9-42f75a8a2fe7
68309568a5db4340d9ff3ae4,34,3kBOfwS7wKdNH41Zy8eJjx,33590,Vin's,149845,https://genius.com/artists/Vins,b0d93880-3f95-4212-bcdd-e22b19c8f485
68309568a5db4340d9ff3ae5,40,3tKR0XXN0pW0Kl7UDAVSHL,36814,Brasco,1942703,https://genius.com/artists/Brasco,ff538e29-89d0-451e-9a9b-a783e2d9785b
68309568a5db4340d9ff3ae6,37,5WXxrPG1ifx9gOa5mHMm0o,94106,El Matador,15808,https://genius.com/artists/El-matador,51aa96d6-b983-48cd-80ab-892dd2940409
68309568a5db4340d9ff3ae7,34,0wNPt95tKAlBygX040Zi0V,45318,KDD,17530,https://genius.com/artists/Kdd,75b595dc-bfd6-4aa6-a37f-da04fdfda3c6
68309568a5db4340d9ff3ae8,34,2RPfjjkSe3N9gmyGk1ZBxo,39056,Senamo,38498,https://genius.com/artists/Senamo,d9176dd3-af31-44cd-9cb0-db4fd252f890
68309568a5db4340d9ff3ae9,33,72TdCQUBRXtFFrbNtx3p8J,48310,Fixpen Sill,15706,https://genius.com/artists/Fixpen-sill,f6fde9b6-10fe-47c0-a23e-3d1f34144cbb
68309568a5db4340d9ff3aeb,33,2roV5f30gWneIOkPjdpntN,34553,Lorage,1030497,https://genius.com/artists/Lorage,c23cc63c-7540-4619-9196-ea6658db6d64
68309568a5db4340d9ff3aec,33,6BmoZG6Z7N10aKb4yyoo27,14424,Jeff Le Nerf,18374,https://genius.com/artists/Jeff-le-nerf,ee836afb-4214-44c4-a9bc-ea46be37dd71
68309568a5db4340d9ff3aed,35,2lPL3aVXBS4gVGymFOAYxF,130073,L'Or du Commun,75160,https://genius.com/artists/Lor-du-commun,5d0f9f5b-7ea4-475d-be58-9359a7f580a5
68309568a5db4340d9ff3aee,33,47NHcwh7V1kVlxr9Co6k1r,36910,La Clinique,54428,https://genius.com/artists/La-clinique,f8cbda92-d06c-4791-ad0b-8871c4b8be46
68309568a5db4340d9ff3aef,34,5Br2VeVa0olMTdROCRLDPR,6505,Tendry,1124551,https://genius.com/artists/Tendry,9400c06b-6ee0-4120-8247-a38ad6e0f967
68309568a5db4340d9ff3af0,32,4Ahw76UVS2GoBsByIdRjQt,193734,Pins & Dimeh,988158,https://genius.com/artists/Pins-and-dimeh,c01557ad-d41e-4316-a285-605769e2ab3b
68309568a5db4340d9ff3af1,32,0uziZOQoq7GATTdJqMOX5s,90845,L'entourage,13061,https://genius.com/artists/Lentourage,020ae18d-6e7f-4d0e-b1f1-1bf87723103e
68309568a5db4340d9ff3af2,32,2q8BTMaWesmxIXCB817C9I,45763,Aladin 135,146430,https://genius.com/artists/Aladin-135,588ac9c2-8505-4c2e-98e8-9e6460fcb958
68309568a5db4340d9ff3af3,31,0bLmm8afVAt8Vb5nhPsx1B,45320,XV,1010,https://genius.com/artists/Xv,79d45a2b-4bc3-4fc8-badc-354efc3d8c3b
68309568a5db4340d9ff3af4,31,1oabIvG8mrqtx1uaRrOyPd,94559,Take a Mic,68618,https://genius.com/artists/Take-a-mic,7addb736-7f86-4433-aa71-1e838faedb92
68309568a5db4340d9ff3af5,31,3gYoYSbWPhxA0zY9lZ4Ldv,16049,twinsmatic,184460,https://genius.com/artists/Twinsmatic,5ca67ba6-79d8-4985-a9d2-57c75e67b620
68309568a5db4340d9ff3af6,31,4RuE2yh2mYFBcELzPyLoyF,11321,Cenza,16505,https://genius.com/artists/Cenza,623e5dd7-92a0-484e-8ce6-9a450edb9bf2
68309568a5db4340d9ff3af7,31,2HXioEvQuzCcNmRsImBTET,54935,7 Jaws,1078135,https://genius.com/artists/Web7,
68309568a5db4340d9ff3af9,33,11VqEMsX1gln47ik7tS9fc,30231,La Smala,37257,https://genius.com/artists/La-smala,3c7e716c-0986-47b9-ac34-22affea2f139
68309568a5db4340d9ff3afa,30,47xk0ajcKCEKpiExs2FDZm,13376,VILK,1138274,https://genius.com/artists/Vilk,43d9c089-84c1-437f-a6ea-1aaf36b860ea
68309568a5db4340d9ff3afb,30,58lWi9l7zeTHdUz6Glzm9p,111389,Junior Bvndo,1120806,https://genius.com/artists/Junior-bvndo,8f081ae4-7cfc-4b61-ad17-9d3d6c9e6782
68309568a5db4340d9ff3afc,30,5cHEMXrGvrs8I6iYWNwTkh,38123,Les Sages Poètes de la rue,1970,https://genius.com/artists/Les-sages-poetes-de-la-rue,01a695b1-a5cb-4d7a-bbb6-e0d221a445d1
68309568a5db4340d9ff3afd,29,2MNPi0MHX0zRdMBtWAeXGU,9660,Mysa,17534,https://genius.com/artists/Mysa,3d54c926-a8c0-4a54-81e9-c026ede10773
68309568a5db4340d9ff3afe,30,5O5o8ORa6JnUInvOUmmvft,27477,Kobo,1010841,https://genius.com/artists/Kobo,d8d51ee7-3d47-446d-aaa5-c8313c30b596
68309568a5db4340d9ff3aff,29,0KmSqHKu9V4ZvexLyQiS5X,42467,La Brigade,16172,https://genius.com/artists/La-brigade,195599c0-0ffa-4cbf-b5de-b3da903022a9
68309568a5db4340d9ff3b00,28,0dbSMR7FjTxrmClPei3FPk,22640,Beeby,14646,https://genius.com/artists/Beeby,cba5b2e1-5e19-42e1-a64b-f758558e2484
68309568a5db4340d9ff3b01,28,3dJuPTbC8aP88uCs6qB3Ra,11007,Lasco,331656,https://genius.com/artists/Lasco,368f06b7-852b-445d-9791-7326940f6a7a
68309568a5db4340d9ff3b02,27,3i3yb6Daaf3z6OLKvMFqlK,125359,CG6,1296565,https://genius.com/artists/Cg6,b1a734bb-eced-4106-9697-23424a7bc72e
68309568a5db4340d9ff3b03,27,2FUHt23aPFLisAYXN73JMT,123183,Badjer,1080563,https://genius.com/artists/Badjer,db705e43-82f0-4179-b81c-967ed8292373
68309568a5db4340d9ff3b04,27,7fy5E9AjeDhMSbVKrOGk55,126357,Mafia Spartiate,574368,https://genius.com/artists/Mafia-spartiate,3c052bce-28f5-4f30-a153-a03c57fe920e
68309568a5db4340d9ff3b05,27,0u8fuhFdG3E8WKsqQXy63B,29678,X-Men,1948,https://genius.com/artists/X-men,87ca0b80-5c62-4316-bc23-c5d2a296a281
68309568a5db4340d9ff3b07,27,3EwKGrg1Y5dAF8frDO6mLS,19396,LMB,1636883,https://genius.com/artists/Lmb,e9136671-36a9-4367-896a-a3d4f8997627
68309568a5db4340d9ff3b08,26,0wbdRQZMz6OiGgoMfkgne9,68549,Tengo John,181176,https://genius.com/artists/Tengo-john,3f542031-b054-454d-b57b-812fa2a81b11
68309568a5db4340d9ff3b0a,26,7MNu4r2wgx8eDWfN1hdbTe,21274,Rockin' Squat,2004,https://genius.com/artists/Rockin-squat,c352e78b-02ea-48f8-9f9a-2692a04334d6
68309568a5db4340d9ff3b0b,25,4X4SnYGgU68gRnuuHzBTdY,18592,Le Gouffre,69518,https://genius.com/artists/Le-gouffre,c6cf95a9-86b5-45ab-909e-5390bcd328f9
68309568a5db4340d9ff3b0d,23,2YLgUIzk2Ijs1Qz4vus5vZ,27141,Sirap,279046,https://genius.com/artists/Sirap,9e7efeff-30b8-487b-9425-4ec07251a0af
68309568a5db4340d9ff3b0e,24,6gcXOa9ncLivvQHMl1sJU1,11155,Pejmaxx,21244,https://genius.com/artists/Pejmaxx,4fac99f7-c138-48a9-98a8-aea9f5be90ea
68309568a5db4340d9ff3b0f,25,3gnEewuFXhk6pQgWqxyLjd,8511,Meak,578798,https://genius.com/artists/Meak,cf087b02-8149-4e26-97cc-c8aca1924f98
68309568a5db4340d9ff3b10,25,5UkzlzLr46wmFHyqFJXjSu,8923,Grödash,15227,https://genius.com/artists/Grodash,4bbdf42c-4fb0-45a4-a9c6-fa11f168fa98
68309568a5db4340d9ff3b12,24,0H1xpJStOZvjAvCihf95aY,7774,Nefaste,493690,https://genius.com/artists/Nefaste,fe18256f-ebdc-434e-8c99-546bb64fd165
68309568a5db4340d9ff3b13,22,1hGAhpt0upsyqxB33Cxwz0,10322,Beat De Boul,1935,https://genius.com/artists/Beat-de-boul,7521d03d-fb9f-41e0-b9b3-3ec91888a81b
68309568a5db4340d9ff3b14,21,1oviLzmFOSSipXevWmNalP,26813,B-NØM,1406415,https://genius.com/artists/B-nm,1550f952-c91b-40d7-9b4d-d26a259ee932
68309568a5db4340d9ff3b15,24,4ZsW14EJn4lwhG9gsKJ9BT,20274,Le Psalmiste,1601379,https://genius.com/artists/Le-psalmiste,21c5b779-2a6e-4047-9828-460168e8e227
68309568a5db4340d9ff3b16,19,01vun3lwrSoQ478gOotOe6,14194,Ministère A.M.E.R.,2123,https://genius.com/artists/Ministere-amer,81e22786-abab-4d68-8414-2d90c2360361
68309568a5db4340d9ff3b17,19,6vbTpt2kutJQdFBAMw8Uuu,19883,Chiens de Paille,13248,https://genius.com/artists/Chiens-de-paille,87c60ab4-8753-4ca4-8737-2a9c48c6fe99
68309568a5db4340d9ff3b18,20,3y2HuzAEauV9QXE9cFJpIv,39197,La Cliqua,2061,https://genius.com/artists/La-cliqua,338060f9-2510-4afb-95d7-da6500e62dcc
68309568a5db4340d9ff3b19,17,0ER6tslXJUnG4g0c04Oy4K,8981,Stensy,1205143,https://genius.com/artists/Stensy,19f6aa6e-e75d-4d3d-b1e9-87f7fb7131f4
68309568a5db4340d9ff3b1a,20,1wKDP0QXvFff9WG6BqxbH9,1774,Carré Rouge,29000,https://genius.com/artists/Carre-rouge,2d7ae4ac-1f1d-4369-b93e-04a3e44bab91
68309568a5db4340d9ff3b1b,16,34HGZEcVjKwWtkIebx4tfR,5612,Abah,64513,https://genius.com/artists/Abah,
68309568a5db4340d9ff3b1c,17,39oeYsRaX6yOblbA8NEAbR,8756,Inglourious Bastardz,32421,https://genius.com/artists/Inglourious-bastardz,b17c324f-b02d-4b49-a36d-e6a1ee07a368
68309568a5db4340d9ff3b1d,15,4xPVVlyXUc4RE3bcCoPKpS,4579,La Swija,256418,https://genius.com/artists/La-swija,0adb6ef0-aebf-4c7d-bf90-34b5a8edd47e
68309568a5db4340d9ff3b1f,10,4BumdsyDAeFuC2MG376brO,1089,Robse,136731,https://genius.com/artists/Robse,95aade1b-eed3-416d-8821-6b4259a81826
68309568a5db4340d9ff3b21,8,3Ynhr0fF9z2Iz5tQFxjE2O,2799,Fadah,60429,https://genius.com/artists/Fadah,4c471cd0-d5b6-48e3-81e3-922d9f0ac573
68309568a5db4340d9ff3b22,26,6boUbYz1NlPNeXGDtAmA8q,14772,Verto,2083909,https://genius.com/artists/Verto,05739de3-c833-4c15-8478-348dca019ed2
68309568a5db4340d9ff3b23,48,281AuR0rWkBECMeaAB0pSA,147082,Ateyaba,14857,https://genius.com/artists/Ateyaba,d91b0b0d-76e7-42ce-86be-1d058f479280
68309568a5db4340d9ff3b25,53,53deL58uye6fCqRK4COtR4,232791,Alizée,344883,https://genius.com/artists/Alizee,a344d1d3-bc5e-4a59-95f1-814999d009ac
68309568a5db4340d9ff3b26,41,2dZM3D9rBveK3dywr1WQkN,56839,Alliance Ethnik,30448,https://genius.com/artists/Alliance-ethnik,8bc9464e-5967-477e-a9c3-ad5639d24517
68309568a5db4340d9ff3b27,28,500IcTDu7sWtvgvEZSIiFE,10314,Aketo,16833,https://genius.com/artists/Aketo,8602d379-ba9d-4814-a4f7-7455bcad6d48
68309568a5db4340d9ff3b28,54,2HPiMwJktBXqakN0hnON2R,231600,Lous and the Yakuza,1912431,https://genius.com/artists/Lous-and-the-yakuza,8a33dcf0-64b8-428c-8b64-828f8d85e2bb
68309568a5db4340d9ff3b2a,73,2HkAI0YrEcgoR8QdaURqhO,381168,Dimitri Vegas & Like Mike,350871,https://genius.com/artists/Dimitri-vegas-and-like-mike,c5931849-7c9d-465e-b717-29e2af974c6b
68309568a5db4340d9ff3b2b,34,5r6e4n1Ux36kMlRJSqeMPr,3196,Aphrow,1774485,https://genius.com/artists/Aphrow,ed47ca3a-e1c5-4f16-aadb-6597017aee76
68309568a5db4340d9ff3b2c,36,1si6mnxJ6IpTOTW13ECa0o,66250,AllttA,671997,https://genius.com/artists/Alltta,95a48181-4859-4689-a052-cbb37e8c3cba
68309568a5db4340d9ff3b2e,39,4NKumVnSozo1F50Wji9ddY,100446,Alpha 5.20,23907,https://genius.com/artists/Alpha-520,cef8066e-75dd-41b4-8e29-59c1a7e007dc
68309568a5db4340d9ff3b2f,59,7yeFMUrYTY5cAZx0GKXnti,498192,Alpha Wann,13062,https://genius.com/artists/Alpha-wann,7bfb81ef-e6aa-4716-a9a5-fa5f1b419680
68309568a5db4340d9ff3b30,29,2BzNGTZcU0rrEmwevE6FFM,1911,Atamatoki,4101694,https://genius.com/artists/Atamatoki,95fa329c-de00-4c72-be4c-93cf8cba08ce
68309568a5db4340d9ff3b31,11,32SV3AwCB3hOKtJirCULFa,2355,Angle Mort & Clignotant,1676436,https://genius.com/artists/Angle-mort-and-clignotant,7be80178-9677-4ab4-8531-9dc8e87ce1f3
68309568a5db4340d9ff3b33,5,7HQC1rzfbGXQAyudpWIJ4g,2010,Ménage à 3,102559,https://genius.com/artists/Menage-a-3,47370a19-efff-4c14-a16f-c59d2205a4d4
68309568a5db4340d9ff3b34,43,7oNtf1MwhHcyXRsYXE1WsG,36394,Aazar,1157081,https://genius.com/artists/Aazar,661553a2-bf1b-4d98-8dc1-09aed2f019f5
68309568a5db4340d9ff3b39,50,6TFQJV5WynYysXq0LJraYe,1617,Aisake,3820451,https://genius.com/artists/Aisake,130681f4-0e6f-4691-9e77-9381c1548ace
68309568a5db4340d9ff3b3a,31,5LYSuLVsB6OVxkDY107AyQ,48667,Aloïse Sauvage,1431214,https://genius.com/artists/Aloise-sauvage,6c6c3672-61bd-43d6-aa57-31c6c3d10298
68309568a5db4340d9ff3b3b,40,3MhGQxnXMGb8fgTlAqcxeu,1063,Aiguille,3115798,https://genius.com/artists/Aiguille,d62f3fce-5f75-4cd7-9661-51331cabf65c
68309568a5db4340d9ff3b3f,33,21KPPMcnfzFYt3yseua9Nl,34882,Achile,1426167,https://genius.com/artists/Achile,46c81dad-81bf-4a12-b5bd-f2e2dce21ac3
68309568a5db4340d9ff3b40,23,5CMldmksskHkkH5CoGeY8m,5225,Butter Bullets,27221,https://genius.com/artists/Butter-bullets,93d2f552-1442-4e6e-a7a1-61dc33ff1ff8
68309568a5db4340d9ff3b41,14,7gcHsj8p2T3p1DA3YhshGP,2264,Billie Brelok,53907,https://genius.com/artists/Billie-brelok,d59c4cda-11d9-48db-8bfe-b557ee602aed
68309568a5db4340d9ff3b42,36,1eDFNPc0Y0eMbG03c89Dmw,56594,Busta Flex,14348,https://genius.com/artists/Busta-flex,ef376f0e-d8b8-44b3-bdc9-9102b6486ec5
68309568a5db4340d9ff3b44,36,6vDYFCXQbWPqlUEyBaVbMW,53646,Stomy Bugsy,21052,https://genius.com/artists/Stomy-bugsy,d1cd726e-beab-4b11-bbe9-f2609e71436d
68309568a5db4340d9ff3b45,30,3cKhdxfVTEiaFtSaixLuic,2350,Def Bond,29847,https://genius.com/artists/Def-bond,7249b899-8db8-43e7-9e6e-22f1e736024e
68309568a5db4340d9ff3b46,60,5rgdw8NVhnxWL8Poo6HsiX,199366,Biga Ranx,171524,https://genius.com/artists/Biga-ranx,1515c76e-333d-43c1-bade-deebcc2028ef
68309568a5db4340d9ff3b47,61,73BDzWqbf1grbgQ8xYn2ou,262837,Ben Mazué,109046,https://genius.com/artists/Ben-mazue,6bc23bdf-751e-4873-8468-d3ba41087c07
68309568a5db4340d9ff3b48,29,5u45xl7D9HpJJvRo0joct8,31015,Baloji,22332,https://genius.com/artists/Baloji,5635fc2f-c74f-4506-887e-ccbcc6bb66dc
68309568a5db4340d9ff3b49,47,2OTfhbxhBO1u1bAuCy6ouu,172360,Deen Burbigo,14071,https://genius.com/artists/Deen-burbigo,9a9f6faf-22cf-432a-9453-6dc5b72d982a
68309568a5db4340d9ff3b4a,36,5JZqq78QDWcMNYjIRV81oF,24616,Blam'S,990264,https://genius.com/artists/Blams,12d79443-ed40-4cd2-9603-1d00c9bc6c3e
68309568a5db4340d9ff3b4b,39,2quhaEEtVvUNS0HwL1EJNn,49794,Benjamin Epps,2521469,https://genius.com/artists/Benjamin-epps,49ae5227-605a-47a8-9b8e-cd89bf01a97c
68309568a5db4340d9ff3b4c,35,3U6rNiL0weudbwLofMicVq,9044,Brenky,962367,https://genius.com/artists/Brenky,781498c7-e303-4d14-8660-d8fb5a8d2bc4
68309568a5db4340d9ff3b4e,45,49CZw9qooXeYTWKe9ioZPx,23411,Boztown,2490392,https://genius.com/artists/Boztown,e72733fb-411b-4aee-b839-3330f41d9e0e
68309568a5db4340d9ff3b4f,36,3crfLODQuodxW8R8iLqkPH,54412,Babylon Circus,356666,https://genius.com/artists/Babylon-circus,84788caa-d859-4814-bf18-cbfbe277ce73
68309568a5db4340d9ff3b50,29,1jlwPYUQdkh74aHWRHa7hF,6901,Bisso Na Bisso,329402,https://genius.com/artists/Bisso-na-bisso,b9ae8d06-531e-494e-b548-d2bc182706e0
68309568a5db4340d9ff3b52,49,4TIrC99WSg0tOtBCGDjMRY,91672,Boogie Belgique,530980,https://genius.com/artists/Boogie-belgique,b72fe485-8ccd-4998-9777-215ed91bc771
68309568a5db4340d9ff3b53,12,268INzsMBXQsCE7Lw8wkwd,9139,La Boussole,19398,https://genius.com/artists/La-boussole,5c2684fd-354f-4bc8-bf6f-1fa82d90c0f0
68309568a5db4340d9ff3b56,27,6RcPiWIVptnyi8y3EIbDLB,24820,Blu Samu,1274159,https://genius.com/artists/Blu-samu,ea65d1ca-8827-4f1c-994e-50957a4c6d4f
68309568a5db4340d9ff3b58,19,2tldbUTVpFuHHKCVbtNW6d,1203,Black Jack,473134,https://genius.com/artists/Black-jack,5182c1d9-c7d2-4dad-afa0-ccfeada921a8
68309568a5db4340d9ff3b59,35,3coXUO5EiwR37nzX4xWjIV,63592,Busy P,15438,https://genius.com/artists/Busy-p,f4d5cc07-3bc9-4836-9b15-88a08359bc63
68309568a5db4340d9ff3b5a,14,7mUxb0DY4hSmSlx73Wqnrh,5024,Epic Pixel Battle,1628819,https://genius.com/artists/Epic-pixel-battle,59622b4b-d246-44b4-b854-60139faea7f2
68309568a5db4340d9ff3b5f,54,00edlcHg3ILdHtrYL54bxX,26536,BUSTACRIME,1838432,https://genius.com/artists/Bustacrime,686d8fab-712b-4a7c-a576-359873076757
68309568a5db4340d9ff3b61,61,4DUQBYAyOTZotSEdKhaf6c,433303,Basement,204920,https://genius.com/artists/Basement,28cbf94d-0700-4095-a188-37e373b069a7
68309568a5db4340d9ff3b64,37,6OgHTWl7y9oeccoxeXXDPn,18318,C Y G N,662276,https://genius.com/artists/C-y-g-n,78666e83-2fe4-4473-9470-1a919d89ae94
68309568a5db4340d9ff3b65,56,1ywkNtrO3WGuwaehqxyjAO,175884,Chilla,5464,https://genius.com/artists/Chilla,32cccc7b-a96a-42cd-9fad-7d4779a1f5a3
68309568a5db4340d9ff3b66,73,6wH6iStAh4KIaWfuhf0NYM,1925257,Manu Chao,23108,https://genius.com/artists/Manu-chao,7570a0dd-5a67-401b-b19a-261eee01a284
68309568a5db4340d9ff3b67,49,1MBqzcu6aiY7GzP5BfG56T,28769,La Caution,13247,https://genius.com/artists/La-caution,490fd221-c73f-4cfb-a50c-13ce2a6ca76d
68309568a5db4340d9ff3b68,5,3PiwMpChtWvy8uNUi6qbOO,1307,Les Chirurgiens Du Son,1509340,https://genius.com/artists/Les-chirurgiens-du-son,918a28b5-cd0a-433e-94d4-687d87e50a88
68309568a5db4340d9ff3b69,46,6XaUaXu0cGAFK1AlQkl1b6,160434,Saïan Supa Crew,16640,https://genius.com/artists/Saian-supa-crew,0b8d3a99-c66f-4b6c-898c-31c30f28a196
68309568a5db4340d9ff3b6a,72,3utZ2yeQk0Z3BCOBWP7Vlu,2710209,CRO,14536,https://genius.com/artists/Cro,b2ea6506-645e-4935-8d82-84c3a95fe7f0
68309568a5db4340d9ff3b6c,21,6Nov2ZWpR6ffcLyQPlUNsk,5101,Daddy Lord C,1987,https://genius.com/artists/Daddy-lord-c,ae80863b-ffcd-42b6-a5e3-b38f02ddc80b
68309568a5db4340d9ff3b6e,23,6SOfR3vMDf9otrCMyzrdDn,12902,Cabadzi,246467,https://genius.com/artists/Cabadzi,e9df7231-410f-4f4e-a586-37063bc940e1
68309568a5db4340d9ff3b6f,78,5aIqB5nVVvmFsvSdExz408,4701394,ClassiK,115030,https://genius.com/artists/Classik,4a004713-559e-495b-b738-dc50e84b73d9
68309568a5db4340d9ff3b70,70,3VNITwohbvU5Wuy5PC6dsI,2712579,Cool et Sans Reproche,4238073,https://genius.com/artists/Cool-et-sans-reproche,e3fab13b-f8d9-4f6c-853a-4415d0a89180
68309568a5db4340d9ff3b71,48,3WilJWdCNLSU7fpYjiKb7v,666502,Cassidy,230,https://genius.com/artists/Cassidy,32090ac9-6e46-47c5-b9ce-69c504a4a7bc
68309568a5db4340d9ff3b75,18,2X3EEwXmRoFsQdjrUWWF0N,1587,Négatif Clan,635205,https://genius.com/artists/Negatif-clan,d6e017a1-46e6-4b33-9c1d-77571f988b54
68309568a5db4340d9ff3b76,80,540vIaP2JwjQb9dm3aArA4,9138036,DJ Snake,41287,https://genius.com/artists/Dj-snake,31445b1e-96f3-4c7f-84ec-dd02e647e690
68309568a5db4340d9ff3b77,62,4vnmifnGOeRXfNTRtgd4Tj,1043233,Sexion d’Assaut,1261,https://genius.com/artists/Sexion-dassaut,
68309568a5db4340d9ff3b79,34,69eIrU4oA3mEHensYx0PWL,35340,DJ YUNG VAMP,990823,https://genius.com/artists/Dj-yung-vamp,10fc0568-790e-4615-a95e-7eb1b256a167
68309568a5db4340d9ff3b7a,58,6379rD5bSEwInazkKhZ9DM,886420,Diam’s,12061,https://genius.com/artists/Diams,
68309568a5db4340d9ff3b7b,35,31kG0JypoJkfxkNJAzVOEr,65441,Despo Rutti,1750,https://genius.com/artists/Despo-rutti,dfdd8455-3dec-4205-9aec-d270c28fc6b0
68309568a5db4340d9ff3b7c,73,1cKyknhftNKXCjMBd2hDrG,736172,Dystinct,1013018,https://genius.com/artists/Dystinct,f9613bbd-3007-4c8d-84f3-6fb366d4e90d
68309568a5db4340d9ff3b7d,46,3xQiLcsmj0KCiFtconY6Dz,95323,Demi Portion,14366,https://genius.com/artists/Demi-portion,a661f3c4-4c38-4ec1-93a9-4fec5b16577e
68309568a5db4340d9ff3b7e,29,0JAbmlSLQqD6DAw2d8jdvz,20965,Dany Dan,1986,https://genius.com/artists/Dany-dan,634650ff-6a05-450f-8e44-8669b648bff8
68309568a5db4340d9ff3b7f,55,6CSKMBCeQhddsPL63zvDhX,246205,DJ Leska,1033848,https://genius.com/artists/Dj-leska,7d7e9a9e-6c79-4afe-bee3-a7c8f2076dda
68309568a5db4340d9ff3b80,74,4sbXXFzEWJY2zsZjelerjX,7383437,Dadju,18906,https://genius.com/artists/Dadju,ecca82a9-0b5f-4b01-86aa-6b9fe62b09fe
68309568a5db4340d9ff3b81,29,0mPfVYJyS10AuDGrS3ira2,7119,Damlif,1191677,https://genius.com/artists/Damlif,353698f1-2c30-4f9b-bd30-3d0728363954
68309568a5db4340d9ff3b82,23,62oggWqpacR9hftH7AqWC9,15651,Expression Direkt,11491,https://genius.com/artists/Expression-direkt,ee9e74ab-4814-4591-b766-b0b849745d5e
68309568a5db4340d9ff3b83,43,5ffMSKGQRhetAjBjEgkRun,82597,DJ Mehdi,15472,https://genius.com/artists/Dj-mehdi,66ad8456-1d33-4d7d-b8c3-a8f1a3b1e74f
68309568a5db4340d9ff3b84,36,5DZr9dQj9KPd62WuMeIPqK,28670,Doctor Flake,242471,https://genius.com/artists/Doctor-flake,c824a222-af01-45e3-9da0-cf1a898ddb56
68309568a5db4340d9ff3b86,50,3chQixmxhv9UmwQc8aBApA,11239,DLJ,2356908,https://genius.com/artists/Dlj,2623dcdc-a0bd-475d-aa94-069ca98a4417
68309568a5db4340d9ff3b87,27,7Dqkr5jq8RjsIUP5hlnwcX,1901,Lex (de Kalhex),624197,https://genius.com/artists/Lex-de-kalhex,ac14b492-0b2c-461d-86b8-1321705d9319
68309568a5db4340d9ff3b88,57,7rFugkk9ZvVB1zXHg8h0rj,574326,Eddy de Pretto,1167573,https://genius.com/artists/Eddy-de-pretto,f7431a56-ef33-4d93-9676-4492f9fb18cb
68309568a5db4340d9ff3b89,41,2qcWSyZDxjzTQspgc5Bjas,18709,James Deano,20626,https://genius.com/artists/James-deano,0b7ee619-16ed-4e60-b871-6a2111c12b76
68309568a5db4340d9ff3b8a,14,24BEOL95IuRZpZnKnDrSaj,4101,Dee Nasty,15399,https://genius.com/artists/Dee-nasty,8af2f9ac-6f7f-4910-a177-7b5d8b9a3935
68309568a5db4340d9ff3b8b,13,2yctAUiUiOBP52UC77cToq,4158,Diabologum,1190354,https://genius.com/artists/Diabologum,77efffd3-20b7-4c5d-a66a-8c4908ea2f8b
68309568a5db4340d9ff3b8c,26,4s0srRj9YXjM8J0TK2QVzP,85225,Gnawa Diffusion,390478,https://genius.com/artists/Gnawa-diffusion,7c7a623f-18b8-4524-b5b7-15e27418e599
68309568a5db4340d9ff3b8e,39,10eFnQAKDDg8V25LEVvhpH,64522,Electro Deluxe,356486,https://genius.com/artists/Electro-deluxe,28520321-8d1f-43b4-a1b7-25791c7221cf
68309568a5db4340d9ff3b8f,17,2PenFmNX2jIXe4GbeWjIPS,3292,Démocrates D,121728,https://genius.com/artists/Democrates-d,1b85c622-6974-4031-bdf1-1c227b7b1c36
68309568a5db4340d9ff3b91,23,3NFvorn4wvIOqrDLJbXroK,8024,Doodseskader,2537362,https://genius.com/artists/Doodseskader,cd99c9e2-e8bf-48ec-8c21-aaa2f81c5fcf
68309568a5db4340d9ff3b9a,12,2pe7SGOKHVZhtpGr4MCQce,2974,DracoBoy,1150942,https://genius.com/artists/Dracoboy,4706653d-e7be-4d9a-a3ad-b9173d68c856
68309568a5db4340d9ff3b9c,40,37nE9g0LRDhDSIejDuPKPS,43645,Evil Needle,57495,https://genius.com/artists/Evil-needle,8e722d1e-205f-4a6c-b2b1-7f44eb216e25
68309568a5db4340d9ff3b9e,23,6cHNULTFsXZsOirfddBk09,3690,Soon E MC,646078,https://genius.com/artists/Soon-e-mc,c99c6f8a-2199-4538-9ee7-7007afce9765
68309568a5db4340d9ff3b9f,22,4y3XVjYZQX7jV6kvf5p3DB,3450,La Fanfare en Pétard,480943,https://genius.com/artists/La-fanfare-en-petard,0a087c44-9181-4394-8bfa-07ca1fd5efad
68309568a5db4340d9ff3ba0,47,4dvZ0abeUaiHm7Fu9Gj0PQ,199862,Eptic,379648,https://genius.com/artists/Eptic,5afa8cdc-6cd5-426a-a265-7e0b5c5c5bb1
68309568a5db4340d9ff3ba1,3,6aETGogjicsVJxpVfo4MIU,1250,Eli MC,41368,https://genius.com/artists/Eli-mc,a0c5737e-da6d-468f-a78e-19146494f1db
68309568a5db4340d9ff3ba3,49,31jYTsfmnHqcK7ahdqlqmo,4115,Epektase,666339,https://genius.com/artists/Epektase,5c8b80bf-0dc3-479a-97c5-0b4fe582d7ee
68309568a5db4340d9ff3ba4,69,3cjEqqelV9zb4BYE3qDQ4O,9987175,Exo,67399,https://genius.com/artists/Exo,b3785a55-2cf6-497d-b8e3-cfa21a36f997
68309568a5db4340d9ff3ba6,33,1xz5Zqhjgqzae0WGJhhTdK,6004,Nick Eyra,2826614,https://genius.com/artists/Nick-eyra,1ae51eb3-4c6a-4e47-8193-7228884aeffc
68309568a5db4340d9ff3ba7,25,1RK65n6t13UmpsWLmTQWGz,6279,Uzi Freyja,2506193,https://genius.com/artists/Uzi-freyja,a1df8fda-976f-4999-87f0-245aaa93cdf4
68309568a5db4340d9ff3ba9,36,2Rs9OXF7KV8QXIzg7hT1mv,12562,Faf Larage,12066,https://genius.com/artists/Faf-larage,60161414-454d-4362-bc64-37e951ed193e
68309568a5db4340d9ff3baa,71,4uJNQGa3L2frXDxwgouTIw,1742366,Franglish,246691,https://genius.com/artists/Franglish,ad29aaaf-c93b-4841-8730-380a2c85986a
68309568a5db4340d9ff3bab,40,1cRhxmFvL3Ef4vx4jSCy04,193676,Mafia K’1 Fry,11464,https://genius.com/artists/Mafia-k1-fry,
68309568a5db4340d9ff3bac,49,4eFImh8D3F15dtZk0JQlpT,266033,Fakear,683863,https://genius.com/artists/Fakear,7c707d22-1c9c-4e72-bc8d-640baa5e2ba5
68309568a5db4340d9ff3bad,23,5r2d1vMFtAGUsUOvH6WiSy,10023,Natsu Fuji,123283,https://genius.com/artists/Natsu-fuji,9a069c6f-ba94-47c5-a8df-7e416d19a98f
68309568a5db4340d9ff3bae,1,5uXNVnFj8an4RH0AhfBKio,9881,Fossoyeur,1832779,https://genius.com/artists/Fossoyeur,c33c5a95-0aa9-4594-9881-fa2f85e5ad7b
68309568a5db4340d9ff3bb1,44,7EBwTCv2UZ1vm4WmfNCiEK,47571,Faada Freddy,480836,https://genius.com/artists/Faada-freddy,b3c89b39-4564-4dc4-a071-24b649bf3dfe
68309568a5db4340d9ff3bb2,17,7JZVTmKriBVQOShSmN4d8I,9699,Feadz,77003,https://genius.com/artists/Feadz,a12f80e7-3926-44ac-b843-f4c6663549c9
68309568a5db4340d9ff3bb3,5,5KBHUXlRaaRaVAVPR9q1Vo,1097,First Serve,36534,https://genius.com/artists/First-serve,a904f60a-b8d2-4ed5-90b5-569bf28d1a80
68309568a5db4340d9ff3bb4,36,6nWoudLNCfWwFYW0h2HTb1,355094,Fayçal,20281,https://genius.com/artists/Faycal,ac4ba4a0-c845-437f-af5d-5109a38c2991
68309568a5db4340d9ff3bb6,11,1ICXKaRx4H5B7GRzNvoAVm,5270,Freekill,1705472,https://genius.com/artists/Freekill,b1dcdb20-b2a9-46df-a651-ec364905823a
68309568a5db4340d9ff3bb7,55,6Xc0KDqzw5u6EQLgdfeoKO,210459,Georgio,21841,https://genius.com/artists/Georgio,4020ea18-d886-483c-910f-a0e7e039c097
68309568a5db4340d9ff3bb8,59,5mMkUZv8uUrlH0SHX89BeS,269443,Guts,72618,https://genius.com/artists/Guts,a1f8f29c-4163-48d1-9469-35f74e61ee4e
68309568a5db4340d9ff3bba,37,2RRf9tUE1EcvP4W4v9Hi4B,2201,Yoann Garel,3643423,https://genius.com/artists/Yoann-garel,7ed32b63-5222-471f-a74c-122223080684
68309568a5db4340d9ff3bbb,8,39VVknwYJ07CKi8zFUex2Z,2282,M Group,2852333,https://genius.com/artists/M-group,5403bf6e-bc1d-4e62-b31f-926a2bf66a14
68309568a5db4340d9ff3bbe,39,1D5DI6S5zIiGPBf1IAuAJh,109496,Hocus Pocus,1938,https://genius.com/artists/Hocus-pocus,3e666fed-7b13-40ab-ae51-2d30d137ca61
68309568a5db4340d9ff3bbf,48,6Gm6S6XDUo6un4aPrRNeOj,43574,H JeuneCrack,2616866,https://genius.com/artists/H-jeunecrack,15b7fc10-a5f5-4258-ade0-3f5f2ac812f6
68309568a5db4340d9ff3bc0,37,1fa9HR1VGgTQcZQru4llua,17874,Pierre Hugues José,3067834,https://genius.com/artists/Pierre-hugues-jose,5954b443-4630-4c20-86ae-2688ae0d45f2
68309568a5db4340d9ff3bc4,22,7mTSlg9fdlEgxQirnxi7Yq,2389,Imhotep,39899,https://genius.com/artists/Imhotep,cc421db3-3c7f-4787-81a6-44495ed286e1
68309568a5db4340d9ff3bc5,34,3xYWXsDjB4Kfl6EY2hibO3,50527,No One Is Innocent,355351,https://genius.com/artists/No-one-is-innocent,92919680-35b4-4ef2-a043-7b585a137749
68309568a5db4340d9ff3bc7,47,2JgcaYYHEGDqrKKJzuVda5,16357,Illuminine,2644467,https://genius.com/artists/Illuminine,744f2e88-255a-49cc-9a71-5c460ca8d179
68309568a5db4340d9ff3bca,47,6wq0ypfSKR1Baqi4qoJWsq,99670,Jazz Liberatorz,58821,https://genius.com/artists/Jazz-liberatorz,8f37dbd8-7000-47ce-9d80-50e305b6ef9d
68309568a5db4340d9ff3bcb,27,24k5M16PEcrJudqAYEoLB7,10174,Sly Johnson,22608,https://genius.com/artists/Sly-johnson,6e14dc18-9313-4afa-9344-4b6c2bf80fca
68309568a5db4340d9ff3bcc,57,4lhtlpMg6j1absrQvXYlRK,170270,Jeremie,256398,https://genius.com/artists/Jeremie,d5b64a55-3a75-4b0a-9d45-00d41b3b8062
68309568a5db4340d9ff3bcd,47,5bOhzprOaEJCn7YKslBolr,80960,Jahneration,1054692,https://genius.com/artists/Jahneration,cbef39ea-0915-448d-abb7-cf616514ab7d
68309568a5db4340d9ff3bcf,54,2DBaDAcrh5sf17yR1qbnsy,92859,Kaysha,371036,https://genius.com/artists/Kaysha,2eecd1cd-31ae-42f3-9e30-300ffbd7f2ef
68309568a5db4340d9ff3bd0,26,36XgiYYO6GEPEJybfz5vWW,8482,Kohndo,21249,https://genius.com/artists/Kohndo,f0f60305-b7e4-4f62-8b0d-05bfe2cd1b33
68309568a5db4340d9ff3bd1,37,5DjLsaAyJZ1jFz1azbJ0ha,9779,Kazam,1065460,https://genius.com/artists/Kazam,b559ef62-2a88-437a-b4fb-9ed37990fa08
68309568a5db4340d9ff3bd2,17,7jraE2dvNHXNiHHUIMG1sB,6441,Manu Key,30970,https://genius.com/artists/Manu-key,826b488f-5164-45ca-abc4-ab11b3c321eb
68309568a5db4340d9ff3bd4,32,7darGNapWiX3YbwJXwl0hR,1515,Kissamilé,3550984,https://genius.com/artists/Kissamile,72d7322b-a30c-4f96-ab01-fd34c0ee1e0b
68309568a5db4340d9ff3bd5,49,3qLpAs6VLppZrKlI0CXK6k,43642,Kayna Samet,11699,https://genius.com/artists/Kayna-samet,1f315c2f-bfdc-49b4-89dd-ac5668960e64
68309568a5db4340d9ff3bd6,39,0gEyux9kfm4eISIsEtLu4w,1928,Kilomaître,205719,https://genius.com/artists/Kilomaitre,68b36af1-fc2f-4183-980c-0f43dbcf8351
68309568a5db4340d9ff3bd8,40,4Q1UMgfZVQMlXdLQwxtoPz,52216,La Secte Phonétik,41670,https://genius.com/artists/La-secte-phonetik,f236d496-7d58-4cb5-a388-c4d14f92084e
68309568a5db4340d9ff3bd9,31,0sX9shkpi9yYK65nZCeeiW,33711,La Rumeur,12659,https://genius.com/artists/La-rumeur,3d0e05e9-c1aa-4d57-a8e6-cb6ab5b6d930
68309568a5db4340d9ff3bda,59,7kyIBL1EYouLqC8vw7IOui,1565183,L’Algérino,12302,https://genius.com/artists/Lalgerino,
68309568a5db4340d9ff3bdd,37,4UUv9SzL15YuB6epX0YGdy,18114,Le 3ème Œil,80732,https://genius.com/artists/Le-3eme-il,3bc7fff6-8466-4d6f-a04f-b5964660455e
68309568a5db4340d9ff3be0,2,1xH7YIBKcx6EbjM0qyVgYG,1500,Psykick Lyrikah,61340,https://genius.com/artists/Psykick-lyrikah,fed22147-7856-44f1-84b3-4b59a2c84f22
68309568a5db4340d9ff3be1,32,0uziZOQoq7GATTdJqMOX5s,90845,L’Entourage,13061,https://genius.com/artists/Lentourage,
68309568a5db4340d9ff3be4,25,3bTDck8XQ21JMjigiRI72U,5013,Le Lij,2471791,https://genius.com/artists/Le-lij,ac26c991-bb97-4192-b3fd-6415d31b9fa5
68309568a5db4340d9ff3be5,27,7HhOFqVLUdzGOuLgazZhAC,4187,La Vipère,1181149,https://genius.com/artists/La-vipere,3f542031-b054-454d-b57b-812fa2a81b11
68309568a5db4340d9ff3be6,5,3h6lWvAjhXjwlfzWVcpbSq,1639,Lygne 26,2303,https://genius.com/artists/Lygne-26,742b995b-8c85-4eba-9ee7-72ff6b2e56a1
68309568a5db4340d9ff3beb,67,4WnAHZz1pgl8hus8hidIRV,2554162,MHD,327802,https://genius.com/artists/Mhd,923b5d99-4020-40d8-9db5-1390986bb4cf
68309568a5db4340d9ff3bec,47,6OQvEmzlyemB8CjQGgIKqr,103509,Massilia Sound System,361382,https://genius.com/artists/Massilia-sound-system,4aa1d914-1a37-4076-8311-50484464da71
68309568a5db4340d9ff3bed,39,3msewJ0hXf2THwcdYjGeOA,21913,Ménélik,19386,https://genius.com/artists/Menelik,e29f22ea-4524-4eba-a4d5-ef1ebffb5111
68309568a5db4340d9ff3bee,36,2e8lWdeklPbzo7zTn6Mka1,16695,Roger Molls,2384338,https://genius.com/artists/Roger-molls,43b221c9-e0f0-44af-93a9-a1e9df45e5d8
68309568a5db4340d9ff3bef,53,0b9ukmbg0MO5eMlorcgOwz,250517,Mr. Oizo,111387,https://genius.com/artists/Mr-oizo,a4a3048f-3968-4848-9f53-94e3d4f88b53
68309568a5db4340d9ff3bf1,50,6k68jYvlUy3CXOwhG1NDBL,92384,Manau,14259,https://genius.com/artists/Manau,b4f41f07-4927-4787-b688-4f1b170e09e6
68309568a5db4340d9ff3bf2,40,20oT5LKCdO5vqCSgZ83OsQ,54889,Mayaewk,2413998,https://genius.com/artists/Mayaewk,3447bde2-d33b-4c90-89a4-173ad31d556a
68309568a5db4340d9ff3bf3,21,5n79SYJcBmZdjwyjrj0nGr,24691,Mafia Trece,126958,https://genius.com/artists/Mafia-trece,b57b3790-e589-4308-ade4-bb85c9fb10c3
68309568a5db4340d9ff3bf4,36,5x8YMWd2tIBdDzuIJM6WFi,24715,Mystik,21472,https://genius.com/artists/Mystik,c81299f2-eeb0-48cd-b363-6c530b44d7b5
68309568a5db4340d9ff3bf7,28,3qgMGg3EPBxUtdPOGAUKJF,11958,MOH,17081,https://genius.com/artists/Moh,698840c9-066d-4857-be50-f77d71958876
68309568a5db4340d9ff3bf8,49,5nljYdfvafyRYs5soqzJ1U,1619,Monocloud,3622537,https://genius.com/artists/Monocloud,3efd3b49-a51f-42ca-aee4-11171df2d4b3
68309568a5db4340d9ff3bfa,23,0dsrPInY7xTkhmjJIUc7ZT,35615,5 Majeur,30616,https://genius.com/artists/5-majeur,0ab49580-c84f-44d4-875f-d83760ea2cfe
68309568a5db4340d9ff3bfb,20,3qzN6EpOX7pviIOzDrOYzr,1183,Malekal Morte,11627,https://genius.com/artists/Malekal-morte,247a2d07-cfe2-4448-b822-2d09b51c79dc
68309568a5db4340d9ff3c01,82,6Te49r3A6f5BiIgBRxH7FH,11414305,Ninho,71286,https://genius.com/artists/Ninho,41fe37a6-f4bb-4340-9c14-e2c8e5d854f1
68309568a5db4340d9ff3c02,58,1E8w172gkuT5htpwaIEsEl,396067,Népal,19547,https://genius.com/artists/Nepal,5fcdf74f-f615-407b-98c1-da168c6030ce
68309568a5db4340d9ff3c04,74,7CUFPNi1TU8RowpnFRSsZV,5973611,Niska,234413,https://genius.com/artists/Niska,e369e789-6f07-4ce8-a70f-e136bc57bf3b
68309568a5db4340d9ff3c05,43,3BoSEarTgKiw8sHE0ixJNK,40634,nymano,266241,https://genius.com/artists/Nymano,36c574d4-529c-435e-88e3-bc7dcca1f4fe
68309568a5db4340d9ff3c06,58,2Gkz5N7rWiCE3jlCgsw1yp,259356,Naâman,179450,https://genius.com/artists/Naaman,96f24cce-09ca-41af-9bfb-73290fb5300c
68309568a5db4340d9ff3c08,15,7h1FtuGLH1XdYZL25BGK5M,4993,Tout Simplement Noir,458078,https://genius.com/artists/Tout-simplement-noir,f2ddb042-2606-46b0-b6ea-a8d1bdf383a3
68309568a5db4340d9ff3c0a,30,101eNe2qinDKucqJyvih0y,1792,Soleil Noir,2867423,https://genius.com/artists/Soleil-noir,64630d39-0e21-4484-84b7-e3bf0da7b37e
68309568a5db4340d9ff3c0d,3,516iO0T0iXlkQsxRzZGcZM,1325,Nouvel R,323430,https://genius.com/artists/Nouvel-r,b71fd9a0-6432-494c-9f01-14a716bdca2e
68309568a5db4340d9ff3c0f,45,5vDfbSPkurKQxpVVXALJ4K,134210,Rise of the Northstar,455288,https://genius.com/artists/Rise-of-the-northstar,13fc6434-1d2b-49f5-a1cb-b38358b5a15f
68309568a5db4340d9ff3c10,30,5OmhVkjLVeAQWysVN5wQfL,1639,nohone,1804694,https://genius.com/artists/Nohone,20201c05-1699-4dea-a5cf-c813bcc488da
68309568a5db4340d9ff3c13,43,2sAlo7Fey5cqBk5WJILSd8,154568,Onra,13638,https://genius.com/artists/Onra,e6a76b1d-2cbb-4587-9c09-6b7333638a0a
68309568a5db4340d9ff3c14,57,2gKYxTUOqw9aPt7ljMwSHT,514168,Orishas,17770,https://genius.com/artists/Orishas,cbf11f81-f98d-458d-89e1-194b40ba5b60
68309568a5db4340d9ff3c15,49,6f2Y46Pw2IYGoURJREJDiA,17251,ØDYSSEE,1030032,https://genius.com/artists/Dyssee,e099e006-e993-4c2f-8cee-30b1f51d235e
68309568a5db4340d9ff3c17,22,2EQL8mKUUBj4Ec0tkKvBKN,14314,Orties,181615,https://genius.com/artists/Orties,529b70b8-7f25-4e5d-82a1-4d48bf604f8c
68309568a5db4340d9ff3c18,74,3NH8t45zOTqzlZgBvZRjvB,9509539,PNL,335710,https://genius.com/artists/Pnl,da04991d-8e8a-43be-9892-1e6342a77410
68309568a5db4340d9ff3c1a,51,3ph6BKBPsjP7Vhtd1IXhkc,62763,Poldoore,1067548,https://genius.com/artists/Poldoore,26895123-efb1-4b0b-9868-9fc2138d46b6
68309568a5db4340d9ff3c1b,61,5xJ9q1lHwa8AShRof94oIt,19868,Phlocalyst,2418167,https://genius.com/artists/Phlocalyst,7a95a553-ba0d-4da4-a034-0c23eac9cf8f
68309568a5db4340d9ff3c1c,45,5dCpFeKxLbycrnsjWZjha8,123489,ProleteR,37876,https://genius.com/artists/Proleter,1f7ea922-f391-4089-bced-9b1e035e4642
68309568a5db4340d9ff3c1d,57,0VJIBKdqJygrupAxpSTk7q,437549,Shaka Ponk,53268,https://genius.com/artists/Shaka-ponk,50bb66d4-63d1-4483-afbc-dc8993d76cbd
68309568a5db4340d9ff3c20,48,0lbRlAslcfb1mRFpSlo6dC,26613,Ptite Soeur,3067930,https://genius.com/artists/Ptite-soeur,dac6f818-9b72-42ad-a2ff-1d6ee332ab4c
68309568a5db4340d9ff3c21,24,3IwGtEVQB7RxflqPCwnkO2,8471,Tony Parker,16263,https://genius.com/artists/Tony-parker,c7356af9-9ea6-4a78-a55b-c73775716312
68309568a5db4340d9ff3c26,66,2eh8cEKZk4VeruUrGq748D,1435513,Rim’K,2455,https://genius.com/artists/Rimk,
68309568a5db4340d9ff3c27,34,7yz7tVF8i1Jr6roiq5CUuD,20722,Rocca,2020,https://genius.com/artists/Rocca,89f5c937-f2ce-40bc-a27f-9b26407c7661
68309568a5db4340d9ff3c29,38,6a6yqBUTk6XxSsrstQIBQ6,37483,Rako,24530,https://genius.com/artists/Rako,758a2f3d-34b0-4a8d-a206-42311262cf12
68309568a5db4340d9ff3c2c,46,01oeaKF2UI2pmIHljhewRN,50615,Soudiere,684672,https://genius.com/artists/Soudiere,3300d3d5-9ecf-43a0-bf47-068919e58634
68309568a5db4340d9ff3c2d,52,1ONnyhQBTnkvg4QmI97hJg,281218,Sinik,1877,https://genius.com/artists/Sinik,023d37f7-4350-4bdb-863c-92af6bacbac7
68309568a5db4340d9ff3c2e,59,3MNnSV5hDd2UzZzgqD8xlU,410619,Shay,41460,https://genius.com/artists/Shay,20b36b99-c141-4ff6-8dfd-c6d2d26bb424
68309568a5db4340d9ff3c2f,32,0dT6c6YrbVHStlEuj8NsbN,40022,Svinkels,15879,https://genius.com/artists/Svinkels,770d490e-c89b-4775-8508-aca7c75142cd
68309568a5db4340d9ff3c30,44,43MnKJFpiqBVhI0jnOjZj4,140132,Salif,1846,https://genius.com/artists/Salif,b29a24ff-2c55-437e-867b-1456c9f3f73e
68309568a5db4340d9ff3c31,24,0nGhRMkuZURh2NsEb8zfUc,6854,Starflam,61711,https://genius.com/artists/Starflam,25a68e3f-bb30-4260-9193-8b84fc4c4d49
68309568a5db4340d9ff3c32,51,5Oc4knEQaid8K7AFqO5lHu,449845,Selah Sue,12301,https://genius.com/artists/Selah-sue,fefeb63b-9430-4fe8-a332-0c400351af50
68309568a5db4340d9ff3c39,9,73kJL2VEgoK5Rs3ESo805W,1440,Sté Strausz,41622,https://genius.com/artists/Ste-strausz,f621fe82-ca42-435d-9cda-6912d20672b1
68309568a5db4340d9ff3c3a,34,3fREHN5zWLjSlRzicDxE3c,60820,Seb,321869,https://genius.com/artists/Seb-fra,
68309568a5db4340d9ff3c3b,37,5cbjnkdsTmPqxejdiFdK6b,1876,Stuffed Tomato,2298671,https://genius.com/artists/Stuffed-tomato,0c8bd110-93b7-4a9f-828e-28c8b446c5bd
68309568a5db4340d9ff3c3c,14,197kOXG6AIzUMlOA8NmOHL,1088,Soulkast,11701,https://genius.com/artists/Soulkast,a230ec10-725a-4d7a-8702-34f90a57fc8a
68309568a5db4340d9ff3c3e,49,00CTomLgA78xvwEwL0woWx,125241,Suzane,1432225,https://genius.com/artists/Suzane,d0fd9aec-0483-46ef-8126-4fcbb7dc5ab0
68309568a5db4340d9ff3c3f,41,6Czf2AVSww2aOhW4M6QNHT,6881,Solystik,666454,https://genius.com/artists/Solystik,2673cdc6-a852-4808-8caf-4769319d99a1
68309568a5db4340d9ff3c44,54,6q87j1F6EtUxjlvkJNknFp,222906,THEODORT,2153843,https://genius.com/artists/Theodort,
68309568a5db4340d9ff3c45,53,3qwxSif06Qwzykdln8ZGfG,319985,Wax Tailor,48674,https://genius.com/artists/Wax-tailor,c24b47a1-2f52-44f3-a3c6-374dca844731
68309568a5db4340d9ff3c47,59,1csp9v9FfSxU0LcBtfWFCb,12369,Tibeauthetraveler,2731632,https://genius.com/artists/Tibeauthetraveler,7f83bbbd-037b-4539-a9dc-f8093e9d7ee5
68309568a5db4340d9ff3c48,22,1kV5hkTEJ76EPsr1MG0Jc8,16025,Triptik,21184,https://genius.com/artists/Triptik,9046ab10-e373-4168-bdde-1613e2631155
68309568a5db4340d9ff3c49,28,6jkU1cVfoUEXpohv6NJO6v,1202,t.Stratt,3066044,https://genius.com/artists/Tstratt,66cd865c-201e-474f-9b48-ec082ac58710
68309568a5db4340d9ff3c4a,58,1KpCi9BOfviCVhmpI4G2sY,419534,Tchami,167155,https://genius.com/artists/Tchami,374a63ed-2502-495a-8e31-139e3ed7507e
68309568a5db4340d9ff3c4c,44,2UkuW3yyd5zeKnx4hVz6No,11633,TKKF,3891793,https://genius.com/artists/Tkkf,cb0e87a1-b27b-4ba2-a846-71926e55660a
68309568a5db4340d9ff3c4d,38,7j40HHXXwci38c8Ws6WmgN,19565,Twinky,2908035,https://genius.com/artists/Twinky,8150c10a-1c31-4f49-84aa-3f5f06503444
68309568a5db4340d9ff3c4f,64,3PpJbrAbphauEun8Xf9tD2,72130,Theodora,3365642,https://genius.com/artists/Theodora,3d519348-d1eb-4e8d-aab4-85ebe819bc46
68309568a5db4340d9ff3c51,63,4eYnorQRhVHT2KBl2UyHHd,1933827,Vegedream,1206608,https://genius.com/artists/Vegedream,02f5184f-f0fa-4088-aba7-cd0f3bf01b05
68309568a5db4340d9ff3c52,20,26zKoB7KHmTOTd7qHDO4LL,5013,Vîrus,15908,https://genius.com/artists/Virus,985b05cf-1a57-40dc-8ee7-6596440a6821
68309568a5db4340d9ff3c53,82,3YBJLs7RqR0aPGBgU27nDh,2126644,WeRenoi,2591697,https://genius.com/artists/Werenoi,6fcc034a-f0a7-4084-a205-b6622ff9cfd0
68309568a5db4340d9ff3c54,33,1Sayx62gnPCTawjndMhbnb,14586,40 Winks,2997708,https://genius.com/artists/40-winks,480dbe19-5198-4f26-b240-f8f2c89e6ca8
68309568a5db4340d9ff3c55,17,4fAuopyFMCGVhStrYsvbev,1107,Yovo,1567302,https://genius.com/artists/Yovo,342bbebb-f4d0-40a7-87b7-b9ca9c8b8043
68309568a5db4340d9ff3c56,45,0BCkVcs4QEgfHlvZ7rjSNv,162292,Yannick,46278,https://genius.com/artists/Yannick,a7d2c9ae-5c69-4cd9-94e6-7383fd5e62a2
68309568a5db4340d9ff3c57,38,3cR6qV3d1bnUmuPpw8DhFZ,8609,Youthstar,1124334,https://genius.com/artists/Youthstar,20715e36-82d5-4b6d-8e80-94ca3774971a
68309568a5db4340d9ff3c59,63,2ubn2zwyYaLdHOCKnTouU2,1175443,Ziak,2113831,https://genius.com/artists/Ziak,51e4cbfd-4484-4e15-933c-f89ae74cb962
