name,id_spotify,id_genius,url_genius,genres
Jul,3IW7ScrzXmPvZhB27hmfgy,409643,https://genius.com/artists/Julia-michaels,pop urbaine
GIMS,0GOx72r5AAEKRGQFn3xqXK,13325,https://genius.com/artists/Gims,"french pop,pop urbaine"
Damso,2UwqpfQtNuhBwviIC0f2ie,45855,https://genius.com/artists/Damso,pop urbaine
Gazo,5gqmbbfjcikQBzPB5Hv13I,23012,https://genius.com/artists/Gazo,"drill,pop urbaine"
PLK,3DCWeG2J1fZeu0Oe6i5Q6m,128813,https://genius.com/artists/Plk,pop urbaine
Booba,58wXmynHaAWI5hwlPZP3qL,1282,https://genius.com/artists/Booba,pop urbaine
L2B,4hYxvgmTzS29XAXlo5adgM,1262771,https://genius.com/artists/L2b,
Hamza,5gs4Sm2WQUkcGeikMcVHbh,74111,https://genius.com/artists/Hamza,pop urbaine
SCH,2kXKa3aAFngGz2P4GjG5w2,11353,https://genius.com/artists/Schoolboy-q,pop urbaine
Maes,6L34dW6SKMSDaGIfYDU19j,1042749,https://genius.com/artists/Matt-maeson,pop urbaine
Vald,3CnCGFxXbOA8bAK54jR8js,189848,https://genius.com/artists/6lack,pop urbaine
Josman,6dbdXbyAWk2qx8Qttw0knR,153477,https://genius.com/artists/Josman,
Nekfeu,4LXBc13z5EWsc5N32bLxfH,13063,https://genius.com/artists/Nekfeu,
Alonzo,2z2TRvloJt4EfUNQp9rHAi,131018,https://genius.com/artists/Duru-tha-king,pop urbaine
Leto,6HCBnyTBSLdb3TFn2ayulY,2833262,https://genius.com/artists/Akim-apachev,pop urbaine
Naps,6W5uA6CNMf3hd2j4a2XWCx,984017,https://genius.com/artists/Naps,"pop urbaine,chicha"
Guy2Bezbar,07h4CCFmlXkwx0g4PL5Uuh,466514,https://genius.com/artists/Guy2bezbar,pop urbaine
Djadja & Dinaz,5hREZP0zTQbTLkZ2M8RS4v,327448,https://genius.com/artists/Djadja-and-dinaz,pop urbaine
Kalash,3J7r4VsNmuWixU0nXvyPd8,33290,https://genius.com/artists/Kalash,"shatta,dancehall,zouk,pop urbaine"
Soolking,0GgY7hjMoGDsX8ZDe2mwds,693078,https://genius.com/artists/Soolking,pop urbaine
Dinos,1QPdp5duV6lV4XINCzjwQ2,138995,https://genius.com/artists/Selena,pop urbaine
OBOY,66Ok6bgC570sHkw08N20pZ,635729,https://genius.com/artists/Oboy,pop urbaine
Koba LaD,1q7T9rFQ2a2ukA1PU51fo3,1247832,https://genius.com/artists/Koba-lad,pop urbaine
Rim'K,2eh8cEKZk4VeruUrGq748D,2455,https://genius.com/artists/Rimk,pop urbaine
Niro,1wAtSe79kItIb9nf5EhI2Q,14724,https://genius.com/artists/Niro,pop urbaine
Kaaris,1ntQKIMIgESKpKoNXVBvQg,14693,https://genius.com/artists/Kaaris,pop urbaine
Zola,54kCbQZaZWHnwwj9VP2hn4,585517,https://genius.com/artists/Zolarmoon,
Orelsan,4FpJcNgOvIpSBeJgRg3OfN,1286,https://genius.com/artists/Orelsan,
Luidji,3bRGJQd7b4lE3ZAEMfOXJp,14723,https://genius.com/artists/Luidji,
Soprano,2RJBv9wXbW6m539q9NOfW1,1053236,https://genius.com/artists/Burry-soprano,"chanson,french pop,pop urbaine,variété française"
Laylow,0LnhY2fzptb0QEs5Q5gM7S,308564,https://genius.com/artists/Laylow,moroccan rap
Timal,2ptKt4yP4mYRZmvi09JYyi,963309,https://genius.com/artists/Timal,pop urbaine
Heuss L'enfoiré,3YwqjMyrRfuixi2pbgTGCE,1242021,https://genius.com/artists/Heuss-lenfoire,pop urbaine
Gradur,2tcoLkA9Hexz70Kuc1NTUl,72710,https://genius.com/artists/Gradur,pop urbaine
Naza,7xNYY1Zkb1vks5m9ATlJok,212437,https://genius.com/artists/Obladaet,pop urbaine
UZI,5U05AU34EcZ8pfohg2dicI,217208,https://genius.com/artists/Lil-uzi-vert,pop urbaine
Bigflo & Oli,5mmEMfYChd6MImBagU7zCs,14388,https://genius.com/artists/Bigflo-and-oli,"chanson,french pop"
Landy,2EFpb61Lpi0l5ldOiqbZkK,3408779,https://genius.com/artists/Blp-kosher,pop urbaine
Youssoupha,5DW7NxqQ2875JtjuV7KMn4,1684,https://genius.com/artists/Youssoupha,
DA Uzi,3xEJ7cDz5rdg6VM8E6Mqhf,1715254,https://genius.com/artists/Uzi,
Zed,4reog9Hn84AuUWvGX5a2Yq,24215,https://genius.com/artists/Zedd,
Lomepal,1Yfe3ONJlioHys7jwHdfVm,16138,https://genius.com/artists/Lomepal,
Green Montana,0zhMujl1yB8pkB023Qm4Y2,1650901,https://genius.com/artists/Green-montana,
RK,2s7fZ34RK8RUJQ2ewsh6I5,639036,https://genius.com/artists/Rkomi,pop urbaine
1PLIKÉ140,4Ue6MAZqz18NlaOQomRXLU,2015456,https://genius.com/artists/1plike140,drill
Bekar,6wjkiUBMMYSIx5UBTp7eKC,496984,https://genius.com/artists/Bekar,
Sofiane,6qFt3TjvxMt77YGsktWG8Z,575371,https://genius.com/artists/Boef,pop urbaine
Sexion d'Assaut,4vnmifnGOeRXfNTRtgd4Tj,1261,https://genius.com/artists/Sexion-dassaut,
Kalash Criminel,6ytOHdKh4xt4YvF7tz8Zcv,592670,https://genius.com/artists/Kalash-criminel,
Zkr,2yJ6lsLqG06r9bckSTQRt4,217822,https://genius.com/artists/Zkr,
Zamdane,5CtPAGoxpJ4yLJLx6CSrO8,1159944,https://genius.com/artists/Zamdane,
Gambi,1lB3I3SI30v2ZOpR4XQqzJ,1745,https://genius.com/artists/Childish-gambino,pop urbaine
Luv Resval,5l8WyvJ50fdSghK2ySNq1y,1474324,https://genius.com/artists/Luv-resval,
Soso Maness,0oeiA5U9u1U45Gos5cywUU,147487,https://genius.com/artists/Soso-maness,pop urbaine
Disiz,7rz6ZZErn5YFDteXKhyf3g,2252,https://genius.com/artists/Disiz,
Hugo TSR,4wuKH89QtnyauwNpBMp5RP,15176,https://genius.com/artists/Hugo-tsr,
DTF,37ioGUZGhKk7VjWIocx8kM,563477,https://genius.com/artists/Dtf,
Kore,78Die3Gb8yaElTmGCa7m7N,221253,https://genius.com/artists/Korede-bello,"raï,pop urbaine"
Kofs,5RaQ9nmVGoTye2SI76x3yw,566498,https://genius.com/artists/Kofs,pop urbaine
Lorenzo,62zLrboqOTPyozwi721CVy,63888,https://genius.com/artists/Freeze-corleone,
Hornet La Frappe,1kwzW1IszUiq4Gs9BFesvW,221964,https://genius.com/artists/Hornet-la-frappe,pop urbaine
Rohff,32UhRcgdXO6LdLhOpfIdxp,1908,https://genius.com/artists/Rohff,
TK,5vnUF9uAL0ly7qw25ERLuC,1507735,https://genius.com/artists/Genius-romanizations,pop urbaine
Moha La Squale,4vtz0m60CCrcsQmqDunDIR,1215518,https://genius.com/artists/Moha-la-squale,
So La Lune,4ZW7BptOWzjNFLEqRiNCT7,1908116,https://genius.com/artists/So-la-lune,new wave
Kaza,4MRRW42s9ymwa5zu4xTKJh,1077834,https://genius.com/artists/Dzharakhov,pop urbaine
4Keus,2LUi4eKMEFKFM4awgurcSs,653543,https://genius.com/artists/4keus-gang,pop urbaine
IAM,56Q6weEROZ1RsVrTak8Bm7,45,https://genius.com/artists/Eminem,
Elams,2IoSLl3tqYMq9DzR0d6NJN,168832,https://genius.com/artists/Elams,pop urbaine
Médine,1afjj7vSBkpIjkiJdSV6bV,569121,https://genius.com/artists/Genius-turkce-ceviriler,
Mig,3mKyKC4BjNrNJSSBSrNy0a,44080,https://genius.com/artists/Migos,drill
Sasso,35B6bq5keTR1PYEahq1TAF,652529,https://genius.com/artists/Ernia,pop urbaine
Dosseh,3b5bg1k6N9u31OtzSfK2dP,2223,https://genius.com/artists/Dosseh,pop urbaine
Le Rat Luciano,5QuZ9HdvnXcX8kEG782Phv,1964,https://genius.com/artists/Le-rat-luciano,
Black M,7lMgpN1tEBQKpRoUMKB8iw,16690,https://genius.com/artists/Denzel-curry,"french pop,chanson,pop urbaine"
L'Algérino,7kyIBL1EYouLqC8vw7IOui,12302,https://genius.com/artists/Lalgerino,"raï,pop urbaine"
S.Pri Noir,5olcgTzelGdyP1rHRLyWgs,15330,https://genius.com/artists/Spri-noir,pop urbaine
ISK,1HH5TlkjRt2FG8dpkWNm5j,1507735,https://genius.com/artists/Genius-romanizations,
Suprême NTM,4ko6Ysxtvx9EY9GEFslrIz,24568,https://genius.com/artists/Supreme-ntm,
Nemir,5f6nz3iqzrfiUfKOIKvLvd,79371,https://genius.com/artists/Rasta,
Brulux,1LYOKaB67uPrzpNMIk10k9,54307,https://genius.com/artists/Brulux,
Liim’s,2XpsF0ZQfBV08auUoRnNJE,1271282,https://genius.com/artists/Liims,
Oxmo Puccino,44bvfFf9VeGwVjK0QDqQ7O,1947,https://genius.com/artists/Oxmo-puccino,
MC Solaar,3nU8TSIICYDbUqRpJISTRE,1310,https://genius.com/artists/Mc-solaar,
Guizmo,6sYR8JTRUUUzSD9IydLhfG,13640,https://genius.com/artists/Guizmo,
Lefa,25yJrwrn5I0EUdQEiTtNSO,15927,https://genius.com/artists/Lefa,"pop urbaine,moroccan rap"
Scylla,7fRBY7RRf4iMn2Z4bhZcYA,2717914,https://genius.com/artists/Jorge-rivera-herrans,
Stupeflip,7qiRNP9z0FhN63YcLmb8Ai,13866,https://genius.com/artists/Stupeflip,
ASHE 22,3tTvSeZiFDP3CY5EdPGcR4,63888,https://genius.com/artists/Freeze-corleone,"drill,uk drill"
Benab,0qO3t2MHM5NIEJ5fw9VndY,1472608,https://genius.com/artists/Benab,pop urbaine
SNIPER,1nTVNdaDAzXB1AbP30cGk6,1507,https://genius.com/artists/Sniper,
Kekra,20pbz4TbpkBUr5JwYfGgPS,649966,https://genius.com/artists/Kekra,pop urbaine
Nahir,3x3gsBtmPOSQVqdBzO7N5E,1713995,https://genius.com/artists/Nahir,pop urbaine
Gambino,5Wf0eeUkR6rRAre6L7H7jW,1745,https://genius.com/artists/Childish-gambino,pop urbaine
Fresh laDouille,1ssrFpfMmM0vRx85eO2XKL,2358449,https://genius.com/artists/Fresh-ladouille,drill
Lujipeka,1eTRyiHsWMoWKPD6s4Kiqt,244692,https://genius.com/artists/Lujipeka,
Casseurs Flowters,5sXx89ZqVFOUKTl5g2uiST,20190,https://genius.com/artists/Casseurs-flowters,
YL,2k8fAJK9HbH1FhqVpZL98P,69575,https://genius.com/artists/Ylvis,pop urbaine
Benash,53loJtHWjCG1TyKarW2mzk,342577,https://genius.com/artists/Benash,pop urbaine
B.B. Jacques,3Op4g1wmQJxGTmeFSQ8z52,2757016,https://genius.com/artists/Bb-jacques,
Columbine,5AAzeysphag0NxJxLbbVla,315143,https://genius.com/artists/Columbine,
Krisy,6RwBaA9wZC0BPWZfmGeWMo,21255,https://genius.com/artists/Krisy,
Mister V,5qisLjDrKoHMI9zOK2hfzs,21869,https://genius.com/artists/Mister-v,pop urbaine
Sadek,63MCBZRiUdnqRsAOJwijiB,15237,https://genius.com/artists/Sadek,pop urbaine
13 Block,7rTPCNINGzMp3Hc8Xqht5Z,327072,https://genius.com/artists/13-block,pop urbaine
BOLEMVN,0gGcw3tA1fZoF23qa8KFb7,1219062,https://genius.com/artists/Bolemvn,pop urbaine
Fonky Family,1BTmMBPzv3zEO3f6ilFoct,13333,https://genius.com/artists/Fonky-family,
A2h,2ktpq7bp4m1quizyEmp4r1,14415,https://genius.com/artists/A2h,
ISHA,0dSh0CIa0HPd9kJmJSmGQo,3874269,https://genius.com/artists/Ishaan-bgd,
Ashh,4YUcg2ee9TxMNdjhAxzZBF,340886,https://genius.com/artists/Ashh,
Shurik'n,1ZjPqYngrwDa5ZqwAPcj5o,1770,https://genius.com/artists/Iam,
Kamikaz,3tNQ0aWtzDKGwyWz2oOAFG,45,https://genius.com/artists/Eminem,pop urbaine
Sneazzy,1cA379ILgR07m7XQVXyP6Q,13508,https://genius.com/artists/Sneazzy,
Gambino La MG,2xdTZfuOFh2ylOnnTEs5sg,1480619,https://genius.com/artists/Gambino-la-mg,
Bosh,6Mm2g25BTeJ6BICPFWGkPg,314635,https://genius.com/artists/Bosh,pop urbaine
113,5nTMNNNwQMoCYgzUXdUaB6,1282,https://genius.com/artists/Booba,raï
GLK,3dH7pcBScIJQboDyMzUzez,563979,https://genius.com/artists/Glk,pop urbaine
Doums,4yLgYK2B5nZjZMBiaLyLyK,13259,https://genius.com/artists/Doums,
Gringe,4oVERQ0AxzzQ4zip1nMKlt,13895,https://genius.com/artists/Gringe,
Akhenaton,4ddg7PH5OuSossiSBWgueu,1770,https://genius.com/artists/Iam,
Graya,6AmKZ6kQdFR64iIiUsRMHT,297016,https://genius.com/artists/Graya,pop urbaine
USKY,0VbfTzGkMlei0XtibnO466,671555,https://genius.com/artists/Usky,"cloud rap,pop urbaine"
Souffrance,1uzx1lyRA2RIZlVSxOfBAi,12061,https://genius.com/artists/Diams,
Yaro,09E5z6upwkmwTKX8LGQgMo,2330030,https://genius.com/artists/Exile-music,pop urbaine
Passi,41o2A93SPxIUxsy5HQjvul,130,https://genius.com/artists/Drake,
Lesram,0UeKDbiaApyP7qKfcmGN03,162014,https://genius.com/artists/Lesram,
Larry,0YqeL4iGLLNiwRXZvew1TM,820,https://genius.com/artists/Mac-miller,
L'Allemand,3BX2N7cc1OrBUJQiiei3On,1144818,https://genius.com/artists/Lallemand,pop urbaine
Hös Copperfield,4fn6Kez1kGOO74vNuKrvCU,1174310,https://genius.com/artists/Hos-copperfield,pop urbaine
MMZ,20amiDsCI5EwB6xy37h44k,632250,https://genius.com/artists/Mmz,cloud rap
Django,5gU8eqolA1bziWv6e3Wjp3,985064,https://genius.com/artists/Django,
Mac Tyer,1PTl9q5EaEZejVGts7MBLN,2412,https://genius.com/artists/Mac-tyer,
Kery James,5ydAcIK2KdpBIbL0yGFJle,1273,https://genius.com/artists/Kery-james,
Zuukou mayzie,6a2V6IHS7jT9M1IvJ8V3yB,225437,https://genius.com/artists/Zuukou-mayzie,
Bramsito,1WDkNp8Duv9QhO246S4dDa,994802,https://genius.com/artists/Bramsito,pop urbaine
Seth Gueko,5SZayIKDZvxXaJrxLfnIRN,11499,https://genius.com/artists/Seth-gueko,
Rémy,1rT9J8vtPCzEKL7oGntxnr,2274,https://genius.com/artists/Remy-ma,
Keny Arkana,0Q5EUbHvUWlYpSwmKKbUSF,1753,https://genius.com/artists/Keny-arkana,
Psy 4 De La Rime,2CLtDhw1uJe59E3P56JN6T,15855,https://genius.com/artists/Psy-4-de-la-rime,
Nèg' Marrons,1C2qs1UQDDtf7N1XrS2lcW,30976,https://genius.com/artists/Neg-marrons,ragga
Hooss,3p4FNslxuuEYSEnMsx4YI1,265169,https://genius.com/artists/Hooss,pop urbaine
4Keus Gang,7JDQ2kZsT80ht4tzgIaId4,653543,https://genius.com/artists/4keus-gang,pop urbaine
Kenza Farah,6WBf0WXqyBkCCYAEPUeDxn,20616,https://genius.com/artists/Kenza-farah,
Alkpote,0QcZD8V0Ug1KINWBSyG0dB,15427,https://genius.com/artists/Alkpote,
Lunatic,2T94BUd6X8J1G5EfJj3hZr,1945,https://genius.com/artists/Lunatic,
Chily,0mnNM5o7vtxo3ivC7Tmoah,1634705,https://genius.com/artists/Chily,"pop urbaine,shatta"
Furax Barbarossa,4LujPNfyrtunY5noju2iIa,17313,https://genius.com/artists/Furax-barbarossa,
Hayce Lemsi,3gz8sBWqcMQ0qsrZIoVphx,20065,https://genius.com/artists/Hayce-lemsi,pop urbaine
Kpoint,3ABLHSKKZzNcgpBuXvLB9W,332627,https://genius.com/artists/Kpoint,pop urbaine
Jewel Usain,24lRU7Y7ZWpVa3v23FZqS6,8659,https://genius.com/artists/Jewel-usain,
Sopico,01fkQiYuBZt16vQ8iRIc7g,235193,https://genius.com/artists/Sopico,
Dooz Kawa,4z8LvfxawVZLoLR1KTUzQL,26970,https://genius.com/artists/Dooz-kawa,
Ghetto Phénomène,40fhusTxvAWqq7xKB2rlgf,63001,https://genius.com/artists/Ghetto-phenomene,pop urbaine
Davodka,3viUmbbKSqgMFOVHfrZQpn,41763,https://genius.com/artists/Davodka,
Le Dé,2UZBLsGKZZnYDb37cDM13m,569922,https://genius.com/artists/Lil-peep,
Roshi,4bDcCV0zjPsVs2GxtduYry,196943,https://genius.com/artists/Genius-english-translations,
Lord Kossity,5QWxhSb2qupA3pNE3X6VpM,18002,https://genius.com/artists/Lord-kossity,"ragga,zouk,dancehall"
EDGE,0ZCX1rGywF2LATUUCq0nOg,21747,https://genius.com/artists/Stevie-nicks,
Siboy,04AIS3XqFcq2k8w3Tx4AmU,234809,https://genius.com/artists/Siboy,pop urbaine
Spider ZED,4kAzmAcboZ0F6bCCb4jj8I,77714,https://genius.com/artists/Spider-zed,
Doc Gynéco,4GX9CqwqWtb76wuXwbXR6b,2298,https://genius.com/artists/Doc-gyneco,
Diddi Trix,52h6A1y99QgoEf5FzKEHs1,1038275,https://genius.com/artists/Diddi-trix,
F430,11ajgggOI6hGjR8CF53mhG,1152268,https://genius.com/artists/F430,cloud rap
Negrito,1i8gGjDzv2FNoy6dHcr25K,640693,https://genius.com/artists/Ozuna,"drill,pop urbaine"
Ikaz Boi,1h0vYLWMAElSWYCjm6RBpe,174331,https://genius.com/artists/Ikaz-boi,
Admiral T,4TEnXYHvYwoMopWqxeAnTE,11686,https://genius.com/artists/Admiral-t,"zouk,dancehall,ragga,shatta"
Smeels,6FyY3mlFrDdKUX35GrzeOZ,1460453,https://genius.com/artists/Smeels,
Wit.,4ME56PlDfT9QKf6sGcRgPm,45,https://genius.com/artists/Eminem,
Swift Guad,7MqaRBgnaFIndVIYwC43AP,13158,https://genius.com/artists/Swift-guad,
Don Choa,3nRUvKHrGi4lrRF01yTzod,1963,https://genius.com/artists/Don-choa,
Lonepsi,5iu7PzNW2d8xKOE8IsXgef,211545,https://genius.com/artists/Lonepsi,
ICO,5VkemxUDiz46ZHPdvh0LX0,12232,https://genius.com/artists/Jaden,
Zed Yun Pavarotti,2TM7WyJwjfD5wKyX9OtIWJ,1276822,https://genius.com/artists/Zed-yun-pavarotti,
Scred Connexion,5ZtIEcmzQosu8SDKWgwc86,2156,https://genius.com/artists/Scred-connexion,
Zikxo,7rjPaOQdQeTIQhmApviFqe,1207099,https://genius.com/artists/Zikxo,
PRIME,1FhFAnXsMLYJhRVBKvcdHU,2,https://genius.com/artists/Jay-z,
Sifax,5dacK0fiMwLoV93yBdUrZK,1552972,https://genius.com/artists/Sifax,pop urbaine
Lord Esperanza,7CPznx8a1emLVLeCHGuJeN,790419,https://genius.com/artists/Lord-esperanza,
Tandem,5r4KrJXWxLsbym4vjcRv1i,2200,https://genius.com/artists/Tandem,
Youv Dee,5P3mgWx3KvnURMhlVm5pMS,933047,https://genius.com/artists/Youv-dee,
La Famax,3Ii7kCftek6SPKPEZx3GYE,1059759,https://genius.com/artists/La-famax,pop urbaine
Cheu-B,2bbQRkTmEgKA1INGHeH7oT,651153,https://genius.com/artists/Cheu-b,
404Billy,5xMkiuMCSS13z5shShg7Mz,1080043,https://genius.com/artists/404billy,
Kodes,3fnfvu19t4JYyEkRldXsO5,25180,https://genius.com/artists/Massaka,
Haristone,4A1BIRTQQ1yNPwcg57Ubq7,659218,https://genius.com/artists/Haristone,
Elh Kmer,6DTpmzMa0Gz93kRKUo4JfQ,607146,https://genius.com/artists/Elh-kmer,pop urbaine
Zoxea,2uuaoYjn1Pk0Y3NOyMR0KR,11623,https://genius.com/artists/Zoxea,
AM La Scampia,0WzzOQ8n065ISKclSusFzY,1165897,https://genius.com/artists/Am-la-scampia,"moroccan rap,pop urbaine"
Mehdi Yz,2BEMYnNYVY6FScCvRaw1J6,1111977,https://genius.com/artists/Mehdi-yz,
Ärsenik,3Mo6O9iqKSw3Mn6v5zZfEy,13280,https://genius.com/artists/Arsenik-fra,
Tunisiano,6jMwNySNrAokQ3Gv8opEP7,2248,https://genius.com/artists/Tunisiano,raï
100 Blaze,0JxUh8qDlG3xflSV9Of500,544293,https://genius.com/artists/100-blaze,
Dabs,0VF7XcB73fBSIfX9hOTVij,674763,https://genius.com/artists/Dabs,pop urbaine
Lino,6RM5eA0SSP7B8UV3qHbLa8,1946,https://genius.com/artists/Lino,
MRC,4m90Zo0X5ACTTk27IZ9eMY,49114,https://genius.com/artists/Mrc,turkish pop
Fabe,5Jh4UFOCWwleD3kcd88xyh,1496514,https://genius.com/artists/Powfu,
Swing,0OQMxt6l70FM2YlLwYDiEn,1801970,https://genius.com/artists/Pop-smoke,
Nakry,1uS3NoifQsUXbWBOF3xIPg,1908271,https://genius.com/artists/Nakry,
L'Skadrille,12fU2Tyt3TEQn0bjNS0kzC,16333,https://genius.com/artists/Lskadrille,
Mafia K'1 Fry,1cRhxmFvL3Ef4vx4jSCy04,11464,https://genius.com/artists/Mafia-k1-fry,
Key Largo,4LuLF5H9fe5ViyDQb9Zxmt,1050615,https://genius.com/artists/Key-largo,
Kacem Wapalek,6J434ZmyHxFcBjHXAZL9QY,19118,https://genius.com/artists/Kacem-wapalek,
Sat,3c8I79WjXzJzWacsiZlAxT,572149,https://genius.com/artists/Original-broadway-cast-of-hamilton,
Frenetik,71XOKoFKWFjlV91e2Z5r21,1282878,https://genius.com/artists/Frenetik-orang3,
Dehmo,5oM4ylX9mgzyzDD6yYPUal,640749,https://genius.com/artists/Dehmo,pop urbaine
Sheldon,6162ZDzd0LT28Lxdj52jjK,997209,https://genius.com/artists/Complete,
nelick,2W2NUrosOnwAI1hZIVbwit,115707,https://genius.com/artists/Nelick,moroccan rap
Pit Baccardi,5Gf71JW8QjF77ELQ94JX38,30976,https://genius.com/artists/Neg-marrons,
Q.E Favelas,16vfg5F2MKku9FMIrFIqry,977594,https://genius.com/artists/Qe-favelas,
Shotas,626MEj1uIFt7eZMSroO01a,1414976,https://genius.com/artists/Shotas,
Di-Meh,1QHLcqY9m9aoKWcjBiQV0y,60891,https://genius.com/artists/Di-meh,
L'Hexaler,1BNyS6oGYDwAzgl8PDDMXq,35370,https://genius.com/artists/Lhexaler,
Slimka,3JudvZnY94AkCzfAVXzawN,60891,https://genius.com/artists/Di-meh,
Lacraps,082dnQ2APdm4cFw8eILB4u,182217,https://genius.com/artists/Lacraps,
ZeGuerre,3Rz9ULXMl7mfhCCFNnhd5N,1080562,https://genius.com/artists/Zeguerre,
Dibson,3I2ayKNkuX0gqKPZDBnxNk,87434,https://genius.com/artists/Dibson,
Kool Shen,6oc3ElPTqRlMxSWCuZPi3x,12547,https://genius.com/artists/Kool-shen,
Dinor rdt,3RJNCnIkqvVwEicgGo2nqJ,1675921,https://genius.com/artists/Dinor-rdt,pop urbaine
Cut Killer,1qBSTVOOFSTKWn3TQUtWqw,29268,https://genius.com/artists/Cut-killer,
Le 3ème Oeil,4UUv9SzL15YuB6epX0YGdy,80732,https://genius.com/artists/Le-3eme-il,
Biwaï,3ydKJWfVcxb3hOECejiAYi,592381,https://genius.com/artists/Biwai,pop urbaine
Assassin,5zbzDats0HBBPuir5QWKWm,1282,https://genius.com/artists/Booba,
Gianni,5W9ShLREoRMuXqSSYMeHqk,939,https://genius.com/artists/Freddie-gibbs,pop urbaine
Lucio Bukowski,2uNTCtTH48JmBT5b3PEgcW,16163,https://genius.com/artists/Lucio-bukowski,
PSO THUG,34dSaKok3USBivMGTmIlXx,212473,https://genius.com/artists/Pso-thug,
2zer,7Iw6TwPkS7bja1OrA3Neal,14072,https://genius.com/artists/2zer,
JMK$,2v6hsrO3H2uRWgdsPfGQ1d,749190,https://genius.com/artists/Jmk,
Kheops,7g9QCyx9r1R424eMqNtM2g,1961,https://genius.com/artists/Akhenaton,
DENZO,1pQtc9O0CKJYhvaICw39z9,332629,https://genius.com/artists/Denzo,
Norsacce Berlusconi,6SWyMvHN1YLZ95qwbKf26N,440106,https://genius.com/artists/Norsacce-berlusconi,drill
Youri,1g4gTYnPjQSIOAzFU3V8AL,1282676,https://genius.com/artists/Youri,
Ideal J,6knHYSqYjjguJjD5SvjrLx,2036,https://genius.com/artists/Ideal-j,
Cinco,3S8r9fkqybCCXJLhZGA3r1,1583,https://genius.com/artists/French-montana,
Melan,5TwGksCe3pSfpBcV96k6sS,153995,https://genius.com/artists/Melanie-martinez,
Saké,05i5CWPH3OWAJtx09QDeBJ,1507735,https://genius.com/artists/Genius-romanizations,
sean,7CxSejERLJhkuYRU6D1d8C,492,https://genius.com/artists/Big-sean,
Brasco,3tKR0XXN0pW0Kl7UDAVSHL,12000,https://genius.com/artists/Brasco-fra,
Vin's,3kBOfwS7wKdNH41Zy8eJjx,365776,https://genius.com/artists/Dde,
BRVMSOO,4IAqcSIINRfPQC57mgYhW2,1282346,https://genius.com/artists/Brvmsoo,pop urbaine
Senamo,2RPfjjkSe3N9gmyGk1ZBxo,38498,https://genius.com/artists/Senamo,
La Clinique,47NHcwh7V1kVlxr9Co6k1r,54428,https://genius.com/artists/La-clinique,
El Matador,5WXxrPG1ifx9gOa5mHMm0o,15808,https://genius.com/artists/El-matador,raï
Lorage,2roV5f30gWneIOkPjdpntN,1030497,https://genius.com/artists/Lorage,
KDD,0wNPt95tKAlBygX040Zi0V,12715,https://genius.com/artists/Aka,
ATK,4nOixYyTN15ZSzPSna2Oah,11154,https://genius.com/artists/Jason-weaver,
Fixpen Sill,72TdCQUBRXtFFrbNtx3p8J,15706,https://genius.com/artists/Fixpen-sill,
L'Or du Commun,2lPL3aVXBS4gVGymFOAYxF,75160,https://genius.com/artists/Lor-du-commun,
Jeff Le Nerf,6BmoZG6Z7N10aKb4yyoo27,1245680,https://genius.com/artists/Furax-and-jeff-le-nerf,
L'uzine,7BeihcnNgK5Md6ORbMEqwf,223211,https://genius.com/artists/Luzine,
Pins & Dimeh,4Ahw76UVS2GoBsByIdRjQt,988158,https://genius.com/artists/Pins-and-dimeh,
Aladin 135,2q8BTMaWesmxIXCB817C9I,146430,https://genius.com/artists/Aladin-135,
L'entourage,0uziZOQoq7GATTdJqMOX5s,13061,https://genius.com/artists/Lentourage,
Take a Mic,1oabIvG8mrqtx1uaRrOyPd,68618,https://genius.com/artists/Take-a-mic,
twinsmatic,3gYoYSbWPhxA0zY9lZ4Ldv,184460,https://genius.com/artists/Twinsmatic,
Anabel,50L9hhqxqvBX5FjcBV5t8P,56261,https://genius.com/artists/Anabel-englund,french pop
Sam's,3mvmdWXXKKpUrmYTvdALyS,49085,https://genius.com/artists/Basta,
7 Jaws,2HXioEvQuzCcNmRsImBTET,1078135,https://genius.com/artists/Web7,
XV,0bLmm8afVAt8Vb5nhPsx1B,1261636,https://genius.com/artists/Xvxx,
Cenza,4RuE2yh2mYFBcELzPyLoyF,16505,https://genius.com/artists/Cenza,
VILK,47xk0ajcKCEKpiExs2FDZm,357109,https://genius.com/artists/Ted-gardestad,
La Smala,11VqEMsX1gln47ik7tS9fc,37257,https://genius.com/artists/La-smala,
Les Sages Poètes de la rue,5cHEMXrGvrs8I6iYWNwTkh,1970,https://genius.com/artists/Les-sages-poetes-de-la-rue,
Junior Bvndo,58lWi9l7zeTHdUz6Glzm9p,1120806,https://genius.com/artists/Junior-bvndo,pop urbaine
La Brigade,0KmSqHKu9V4ZvexLyQiS5X,16172,https://genius.com/artists/La-brigade,
Kobo,5O5o8ORa6JnUInvOUmmvft,3109470,https://genius.com/artists/Kobo-kanaeru,
Badjer,2FUHt23aPFLisAYXN73JMT,1080563,https://genius.com/artists/Badjer,
Lasco,3dJuPTbC8aP88uCs6qB3Ra,331656,https://genius.com/artists/Lasco,
Tendry,5Br2VeVa0olMTdROCRLDPR,1124551,https://genius.com/artists/Tendry,
Beeby,0dbSMR7FjTxrmClPei3FPk,14646,https://genius.com/artists/Beeby,
CG6,3i3yb6Daaf3z6OLKvMFqlK,1633108,https://genius.com/artists/Mlvs,
Mafia Spartiate,7fy5E9AjeDhMSbVKrOGk55,574368,https://genius.com/artists/Mafia-spartiate,
B-Right,3olrYt3s2mY5hgTMOfm91p,599,https://genius.com/artists/The-killers,"christian,christian hip hop"
X-Men,0u8fuhFdG3E8WKsqQXy63B,1948,https://genius.com/artists/X-men,
Tengo John,0wbdRQZMz6OiGgoMfkgne9,181176,https://genius.com/artists/Tengo-john,
Less du neuf,79S2yFy8SGBvsg4BeffEdI,1956,https://genius.com/artists/Less-du-neuf,
Rockin' Squat,7MNu4r2wgx8eDWfN1hdbTe,2004,https://genius.com/artists/Rockin-squat,
Dévotion,2uC6uVPsgm5ohAI7iwu7Xx,2300,https://genius.com/artists/Adele,"christian,african gospel"
Le Gouffre,4X4SnYGgU68gRnuuHzBTdY,69518,https://genius.com/artists/Le-gouffre,
LMB,3EwKGrg1Y5dAF8frDO6mLS,2400713,https://genius.com/artists/Lmb-dg,
Grödash,5UkzlzLr46wmFHyqFJXjSu,15227,https://genius.com/artists/Grodash,
Meak,3gnEewuFXhk6pQgWqxyLjd,131982,https://genius.com/artists/Meaku,christian
Sirap,2YLgUIzk2Ijs1Qz4vus5vZ,279046,https://genius.com/artists/Sirap,
Pejmaxx,6gcXOa9ncLivvQHMl1sJU1,21244,https://genius.com/artists/Pejmaxx,
Tortoz,34f8p9RqbrZirJRJ8BX5WN,99842,https://genius.com/artists/Karmen-fra,moroccan rap
Nefaste,0H1xpJStOZvjAvCihf95aY,493690,https://genius.com/artists/Nefaste,
Beat De Boul,1hGAhpt0upsyqxB33Cxwz0,1935,https://genius.com/artists/Beat-de-boul,
B-NØM,1oviLzmFOSSipXevWmNalP,1406415,https://genius.com/artists/B-nm,
Le Psalmiste,4ZsW14EJn4lwhG9gsKJ9BT,1601379,https://genius.com/artists/Le-psalmiste,"christian hip hop,african gospel,christian"
La Cliqua,3y2HuzAEauV9QXE9cFJpIv,2061,https://genius.com/artists/La-cliqua,
Ministère A.M.E.R.,01vun3lwrSoQ478gOotOe6,2123,https://genius.com/artists/Ministere-amer,
Stensy,0ER6tslXJUnG4g0c04Oy4K,1205143,https://genius.com/artists/Stensy,
Chiens de Paille,6vbTpt2kutJQdFBAMw8Uuu,13248,https://genius.com/artists/Chiens-de-paille,
Carré Rouge,1wKDP0QXvFff9WG6BqxbH9,29000,https://genius.com/artists/Carre-rouge,
Mysa,2MNPi0MHX0zRdMBtWAeXGU,17534,https://genius.com/artists/Mysa,
Inglourious Bastardz,39oeYsRaX6yOblbA8NEAbR,32421,https://genius.com/artists/Inglourious-bastardz,
La Swija,4xPVVlyXUc4RE3bcCoPKpS,256418,https://genius.com/artists/La-swija,
Lucci,4RWvw0K2ZF40lGh5Q1EhyF,388683,https://genius.com/artists/Yfn-lucci,
Abah,34HGZEcVjKwWtkIebx4tfR,64513,https://genius.com/artists/Abah,
Robse,4BumdsyDAeFuC2MG376brO,27869,https://genius.com/artists/Oster-lapwass,
Lotus,3BvrILmybDXugebmEOA0ji,396,https://genius.com/artists/Wale,
Fadah,3Ynhr0fF9z2Iz5tQFxjE2O,60429,https://genius.com/artists/Fadah,pop urbaine
Verto,6boUbYz1NlPNeXGDtAmA8q,3078061,https://genius.com/artists/Tan,
Dino Killabizz,64zjukkPUBHcWFYXjDfVmw,294532,https://genius.com/artists/Dino-killabizz,
